index,Unnamed: 1_level_0_Unnamed: 1_level_1,Unnamed: 2_level_0_Unnamed: 2_level_1,Unnamed: 3_level_0_Unnamed: 3_level_1,Unnamed: 4_level_0_Unnamed: 4_level_1,Unnamed: 5_level_0_Unnamed: 5_level_1,Unnamed: 6_level_0_Unnamed: 6_level_1,Unnamed: 7_level_0_Unnamed: 7_level_1,Unnamed: 8_level_0_Unnamed: 8_level_1
,,,,,Score,,,Place
,1,403B,1M,Inward 1 1/2 Somersault Pike,20,2.4,48,8
,2,105B,1M,Forward 2 1/2 Somersault Pike,16.5,2.6,42.9,13
,3,203B,1M,Back 1 1/2 Somersault Pike,21,2.3,48.3,6
,4,303B,1M,Reverse 1 1/2 Somersault Pike,19,2.4,45.6,8
,5,5333D,1M,Reverse 1 1/2 Somersault 1 1/2 Twist Free,16,2.6,41.6,16
,Totals,,,,92.5,12.3,226.4,
,Dive,Number,Height,Description,Net,DD,Score,Round
,,,,,Score,,,Place
,0,,0M,Carry Over from Previous Round,0,0,226.4,0
,1,403B,1M,Inward 1 1/2 Somersault Pike,21,2.4,50.4,3
,2,105B,1M,Forward 2 1/2 Somersault Pike,16.5,2.6,42.9,8
,3,203B,1M,Back 1 1/2 Somersault Pike,20.5,2.3,47.15,4
,4,303B,1M,Reverse 1 1/2 Somersault Pike,15,2.4,36,8
,5,5333D,1M,Reverse 1 1/2 Somersault 1 1/2 Twist Free,19,2.6,49.4,4
,Totals,,,,92,12.3,452.25,
,Dive,Number,Height,Description,Net,DD,Score,Round
,,,,,Score,,,Place
,1,405B,3M,Inward 2 1/2 Somersault Pike,12.5,3,37.5,26
,2,107B,3M,Forward 3 1/2 Somersault Pike,17,3.1,52.7,8
,3,205B,3M,Back 2 1/2 Somersault Pike,16.5,3,49.5,15
,4,305B,3M,Reverse 2 1/2 Somersault Pike,14.5,3,43.5,18
,5,5152B,3M,Forward 2 1/2 Somersault 1 Twist Pike,19.5,3,58.5,4
,Totals,,,,80,15.1,241.7,
,Dive,Number,Height,Description,Net,DD,Score,Round
,,,,,Score,,,Place
,1,405B,3M,Inward 2 1/2 Somersault Pike,12,3,36,18
,2,107B,3M,Forward 3 1/2 Somersault Pike,14,3.1,43.4,14
,3,205B,3M,Back 2 1/2 Somersault Pike,18,3,54,6
,4,305B,3M,Reverse 2 1/2 Somersault Pike,21,3,63,2
,5,5152B,3M,Forward 2 1/2 Somersault 1 Twist Pike,19.5,3,58.5,6
,Totals,,,,84.5,15.1,254.9,
,Dive,Number,Height,Description,Net,DD,Score,Round
,,,,,Score,,,Place
,0,,0M,Carry Over from Previous Round,0,0,254.9,0
,1,405B,3M,Inward 2 1/2 Somersault Pike,13.5,3,40.5,11
,2,107B,3M,Forward 3 1/2 Somersault Pike,16.5,3.1,51.15,7
,3,205B,3M,Back 2 1/2 Somersault Pike,15,3,45,11
,4,305B,3M,Reverse 2 1/2 Somersault Pike,19,3,57,4
,5,5152B,3M,Forward 2 1/2 Somersault 1 Twist Pike,17.5,3,52.5,8
,Totals,,,,81.5,15.1,501.05,
,Dive,Number,Height,Description,Net,DD,Score,Round
,,,,,Score,,,Place
,1,401B,3M,Inward Dive Pike,38,2,45.6,4
,,401B,3M,Inward Dive Pike,,,,
,2,301B,3M,Reverse Dive Pike,35,2,42,4
,,301B,3M,Reverse Dive Pike,,,,
,3,107B,3M,Forward 3 1/2 Somersault Pike,31,3.1,57.66,3
,,107B,3M,Forward 3 1/2 Somersault Pike,,,,
,4,205B,3M,Back 2 1/2 Somersault Pike,34,3,61.2,2
,,205B,3M,Back 2 1/2 Somersault Pike,,,,
,5,5152B,3M,Forward 2 1/2 Somersault 1 Twist Pike,28.5,3,51.3,7
,,5152B,3M,Forward 2 1/2 Somersault 1 Twist Pike,,,,
,Totals,,,,166.5,13.1,257.76,
,Dive,Number,Height,Description,Net,DD,Score,Round
,,,,,Score,,,Place
,0,,0M,Carry Over from Previous Round,0,0,257.76,0
,,,0M,Carry Over from Previous Round,,,,
,1,401B,3M,Inward Dive Pike,38.5,2,46.2,3
,,401B,3M,Inward Dive Pike,,,,
,2,301B,3M,Reverse Dive Pike,36,2,43.2,3
,,301B,3M,Reverse Dive Pike,,,,
,3,107B,3M,Forward 3 1/2 Somersault Pike,21,3.1,39.06,7
,,107B,3M,Forward 3 1/2 Somersault Pike,,,,
,4,205B,3M,Back 2 1/2 Somersault Pike,32,3,57.6,3
,,205B,3M,Back 2 1/2 Somersault Pike,,,,
,5,5152B,3M,Forward 2 1/2 Somersault 1 Twist Pike,33.5,3,60.3,4
,,5152B,3M,Forward 2 1/2 Somersault 1 Twist Pike,,,,
,Totals,,,,161,13.1,504.12,
,Dive,Number,Height,Description,Net,DD,Score,Round
,,,,,Score,,,Place
,1,403B,1M,Inward 1 1/2 Somersault Pike,19.5,2.4,46.8,13
,2,105B,1M,Forward 2 1/2 Somersault Pike,21,2.6,54.6,2
,3,203B,1M,Back 1 1/2 Somersault Pike,17.5,2.3,40.25,31
,4,303B,1M,Reverse 1 1/2 Somersault Pike,21,2.4,50.4,5
,5,5333D,1M,Reverse 1 1/2 Somersault 1 1/2 Twist Free,17.5,2.6,45.5,22
,6,5134D,1M,Forward 1 1/2 Somersault 2 Twist Free,19.5,2.6,50.7,6
,Totals,,116,14.9,288.25,,,
,Dive,Number,Height,Description,Net,DD,Score,Round
,,,,,Score,,,Place
,1,403B,1M,Inward 1 1/2 Somersault Pike,22.5,2.4,54,3
,2,105B,1M,Forward 2 1/2 Somersault Pike,21.5,2.6,55.9,4
,3,203B,1M,Back 1 1/2 Somersault Pike,21,2.3,48.3,8
,4,303B,1M,Reverse 1 1/2 Somersault Pike,19.5,2.4,46.8,7
,5,5333D,1M,Reverse 1 1/2 Somersault 1 1/2 Twist Free,20,2.6,52,5
,6,5134D,1M,Forward 1 1/2 Somersault 2 Twist Free,21.5,2.6,55.9,3
,Totals,,,,126,14.9,312.9,
,Dive,Number,Height,Description,Net,DD,Score,Round
,,,,,Score,,,Place
,1,5235D,3M,Back 1 1/2 Somersault 2 1/2 Twist Free,19.5,2.8,54.6,11
,2,405B,3M,Inward 2 1/2 Somersault Pike,20.5,3,61.5,6
,3,107B,3M,Forward 3 1/2 Somersault Pike,16.5,3.1,51.15,18
,4,205B,3M,Back 2 1/2 Somersault Pike,21,3,63,5
,5,305B,3M,Reverse 2 1/2 Somersault Pike,19.5,3,58.5,11
,6,5152B,3M,Forward 2 1/2 Somersault 1 Twist Pike,18,3,54,14
,Totals,,,,115,17.9,342.75,
,Dive,Number,Height,Description,Net,DD,Score,Round
,,,,,Score,,,Place
,1,5235D,3M,Back 1 1/2 Somersault 2 1/2 Twist Free,21,2.8,58.8,5
,2,405B,3M,Inward 2 1/2 Somersault Pike,18,3,54,7
,3,107B,3M,Forward 3 1/2 Somersault Pike,16.5,3.1,51.15,4
,4,205B,3M,Back 2 1/2 Somersault Pike,22,3,66,2
,5,305B,3M,Reverse 2 1/2 Somersault Pike,12,3,36,8
,6,5152B,3M,Forward 2 1/2 Somersault 1 Twist Pike,21,3,63,4
,Totals,,,,110.5,17.9,328.95,
,Dive,Number,Height,Description,Net,DD,Score,Round
,,,,,Score,,,Place
,1,403B,1M,Inward 1 1/2 Somersault Pike,22,2.4,52.8,3
,2,105B,1M,Forward 2 1/2 Somersault Pike,21,2.6,54.6,2
,3,203B,1M,Back 1 1/2 Somersault Pike,19.5,2.3,44.85,8
,4,303B,1M,Reverse 1 1/2 Somersault Pike,19.5,2.4,46.8,8
,5,5333D,1M,Reverse 1 1/2 Somersault 1 1/2 Twist Free,20,2.6,52,3
,6,5134D,1M,Forward 1 1/2 Somersault 2 Twist Free,21.5,2.6,55.9,2
,Totals,,,,123.5,14.9,306.95,
,Dive,Number,Height,Description,Net,DD,Score,Round
,,,,,Score,,,Place
,0,,0M,Carry Over from Previous Round,0,0,306.95,0
,1,403B,1M,Inward 1 1/2 Somersault Pike,19.5,2.4,46.8,11
,2,105B,1M,Forward 2 1/2 Somersault Pike,21,2.6,54.6,2
,3,203B,1M,Back 1 1/2 Somersault Pike,22.5,2.3,51.75,6
,4,303B,1M,Reverse 1 1/2 Somersault Pike,21,2.4,50.4,6
,5,5333D,1M,Reverse 1 1/2 Somersault 1 1/2 Twist Free,19.5,2.6,50.7,3
,6,5134D,1M,Forward 1 1/2 Somersault 2 Twist Free,14,2.6,36.4,18
,Totals,,,,117.5,14.9,597.6,
,Dive,Number,Height,Description,Net,DD,Score,Round
,,,,,Score,,,Place
,1,5152B,3M,Forward 2 1/2 Somersault 1 Twist Pike,17,3,51,9
,2,405B,3M,Inward 2 1/2 Somersault Pike,18.5,3,55.5,3
,3,107B,3M,Forward 3 1/2 Somersault Pike,18,3.1,55.8,2
,4,205B,3M,Back 2 1/2 Somersault Pike,18,3,54,10
,5,305B,3M,Reverse 2 1/2 Somersault Pike,17,3,51,9
,6,5235D,3M,Back 1 1/2 Somersault 2 1/2 Twist Free,20.5,2.8,57.4,2
,Totals,,,,109,17.9,324.7,
,Dive,Number,Height,Description,Net,DD,Score,Round
,,,,,Score,,,Place
,0,,0M,Carry Over from Previous Round,0,0,324.7,0
,1,5152B,3M,Forward 2 1/2 Somersault 1 Twist Pike,21,3,63,1
,2,405B,3M,Inward 2 1/2 Somersault Pike,17,3,51,8
,3,107B,3M,Forward 3 1/2 Somersault Pike,17.5,3.1,54.25,9
,4,205B,3M,Back 2 1/2 Somersault Pike,22.5,3,67.5,1
,5,305B,3M,Reverse 2 1/2 Somersault Pike,22.5,3,67.5,1
,6,5235D,3M,Back 1 1/2 Somersault 2 1/2 Twist Free,17,2.8,47.6,12
,Totals,,,,117.5,17.9,675.55,
,Dive,Number,Height,Description,Net,DD,Score,Round
,,,,,Score,,,Place
,1,403B,1M,Inward 1 1/2 Somersault Pike,20.5,2.4,49.2,5
,2,105B,1M,Forward 2 1/2 Somersault Pike,22.5,2.6,58.5,2
,3,203B,1M,Back 1 1/2 Somersault Pike,24,2.3,55.2,3
,4,303B,1M,Reverse 1 1/2 Somersault Pike,18.5,2.4,44.4,9
,5,5333D,1M,Reverse 1 1/2 Somersault 1 1/2 Twist Free,18,2.6,46.8,5
,6,5134D,1M,Forward 1 1/2 Somersault 2 Twist Free,21,2.6,54.6,3
,Totals,,,,124.5,14.9,308.7,
,Dive,Number,Height,Description,Net,DD,Score,Round
,,,,,Score,,,Place
,1,403B,1M,Inward 1 1/2 Somersault Pike,21.5,2.4,51.6,2
,2,105B,1M,Forward 2 1/2 Somersault Pike,22.5,2.6,58.5,2
,3,203B,1M,Back 1 1/2 Somersault Pike,21.5,2.3,49.45,7
,4,303B,1M,Reverse 1 1/2 Somersault Pike,21,2.4,50.4,3
,5,5333D,1M,Reverse 1 1/2 Somersault 1 1/2 Twist Free,22,2.6,57.2,3
,6,5134D,1M,Forward 1 1/2 Somersault 2 Twist Free,22,2.6,57.2,2
,Totals,,,,130.5,14.9,324.35,
,Dive,Number,Height,Description,Net,DD,Score,Round
,,,,,Score,,,Place
,1,5152B,3M,Forward 2 1/2 Somersault 1 Twist Pike,21,3,63,1
,2,405B,3M,Inward 2 1/2 Somersault Pike,12,3,36,17
,3,107B,3M,Forward 3 1/2 Somersault Pike,22,3.1,68.2,1
,4,205B,3M,Back 2 1/2 Somersault Pike,15,3,45,13
,5,305B,3M,Reverse 2 1/2 Somersault Pike,24.5,3,73.5,1
,6,5235D,3M,Back 1 1/2 Somersault 2 1/2 Twist Free,22.5,2.8,63,1
,Totals,,,,117,17.9,348.7,
,Dive,Number,Height,Description,Net,DD,Score,Round
,,,,,Score,,,Place
,1,5152B,3M,Forward 2 1/2 Somersault 1 Twist Pike,18,3,54,4
,2,405B,3M,Inward 2 1/2 Somersault Pike,20,3,60,3
,3,107B,3M,Forward 3 1/2 Somersault Pike,16,3.1,49.6,5
,4,205B,3M,Back 2 1/2 Somersault Pike,13.5,3,40.5,6
,5,305B,3M,Reverse 2 1/2 Somersault Pike,11,3,33,8
,6,5235D,3M,Back 1 1/2 Somersault 2 1/2 Twist Free,20.5,2.8,57.4,4
,Totals,,,,99,17.9,294.5,
,Dive,Number,Height,Description,Net,DD,Score,Round
,,,,,Score,,,Place
,1,403B,1M,Inward 1 1/2 Somersault Pike,19.5,2.4,46.8,3
,2,105B,1M,Forward 2 1/2 Somersault Pike,21,2.6,54.6,1
,3,203B,1M,Back 1 1/2 Somersault Pike,20.5,2.3,47.15,3
,4,303B,1M,Reverse 1 1/2 Somersault Pike,20,2.4,48,1
,5,5333D,1M,Reverse 1 1/2 Somersault 1 1/2 Twist Free,18,2.6,46.8,2
,6,5134D,1M,Forward 1 1/2 Somersault 2 Twist Free,20.5,2.6,53.3,1
,Totals,,,,119.5,14.9,296.65,
,Dive,Number,Height,Description,Net,DD,Score,Round
,,,,,Score,,,Place
,1,5152B,3M,Forward 2 1/2 Somersault 1 Twist Pike,20,3,60,1
,2,405B,3M,Inward 2 1/2 Somersault Pike,20,3,60,1
,3,107B,3M,Forward 3 1/2 Somersault Pike,0,3.1,0,13
,,,,,Failed Dive,,,
,4,205B,3M,Back 2 1/2 Somersault Pike,17.5,3,52.5,6
,5,305B,3M,Reverse 2 1/2 Somersault Pike,21.5,3,64.5,1
,6,5235D,3M,Back 1 1/2 Somersault 2 1/2 Twist Free,20.5,2.8,57.4,1
,Totals,,,,99.5,17.9,294.4,
,Dive,Number,Height,Description,Net,DD,Score,Round
,,,,,Score,,,Place
,1,5152B,3M,Forward 2 1/2 Somersault 1 Twist Pike,22.5,3,67.5,1
,2,405B,3M,Inward 2 1/2 Somersault Pike,17,3,51,1
,3,107B,3M,Forward 3 1/2 Somersault Pike,17.5,3.1,54.25,2
,4,205B,3M,Back 2 1/2 Somersault Pike,17.5,3,52.5,1
,5,305B,3M,Reverse 2 1/2 Somersault Pike,13.5,3,40.5,3
,6,5235D,3M,Back 1 1/2 Somersault 2 1/2 Twist Free,18.5,2.8,51.8,2
,Totals,,,,106.5,17.9,317.55,
,Dive,Number,Height,Description,Net,DD,Score,Round
,,,,,Score,,,Place
,1,403B,1M,Inward 1 1/2 Somersault Pike,22,2.4,52.8,2
,2,105B,1M,Forward 2 1/2 Somersault Pike,20.5,2.6,53.3,1
,3,203B,1M,Back 1 1/2 Somersault Pike,23,2.3,52.9,3
,4,303B,1M,Reverse 1 1/2 Somersault Pike,18.5,2.4,44.4,5
,5,5333D,1M,Reverse 1 1/2 Somersault 1 1/2 Twist Free,20,2.6,52,1
,6,5134D,1M,Forward 1 1/2 Somersault 2 Twist Free,20,2.6,52,3
,Totals,,,,124,14.9,307.4,
,Dive,Number,Height,Description,Net,DD,Score,Round
,,,,,Score,,,Place
,1,5152B,3M,Forward 2 1/2 Somersault 1 Twist Pike,21,3,63,1
,2,405B,3M,Inward 2 1/2 Somersault Pike,20,3,60,2
,3,107B,3M,Forward 3 1/2 Somersault Pike,14.5,3.1,44.95,7
,4,205B,3M,Back 2 1/2 Somersault Pike,21,3,63,1
,5,305B,3M,Reverse 2 1/2 Somersault Pike,17.5,3,52.5,4
,6,5235D,3M,Back 1 1/2 Somersault 2 1/2 Twist Free,21,2.8,58.8,1
,Totals,,,,115,17.9,342.25,
,Dive,Number,Height,Description,Net,DD,Score,Round
,,,,,Score,,,Place
,1,403B,1M,Inward 1 1/2 Somersault Pike,22.5,2.4,54,5
,2,105B,1M,Forward 2 1/2 Somersault Pike,23,2.6,59.8,1
,3,203B,1M,Back 1 1/2 Somersault Pike,21,2.3,48.3,5
,4,303B,1M,Reverse 1 1/2 Somersault Pike,22.5,2.4,54,1
,5,5333D,1M,Reverse 1 1/2 Somersault 1 1/2 Twist Free,21.5,2.6,55.9,1
,6,5134D,1M,Forward 1 1/2 Somersault 2 Twist Free,19,2.6,49.4,4
,Totals,,,,129.5,14.9,321.4,
,Dive,Number,Height,Description,Net,DD,Score,Round
,,,,,Score,,,Place
,0,,0M,Carry Over from Previous Round,0,0,321.4,0
,1,403B,1M,Inward 1 1/2 Somersault Pike,22.5,2.4,54,3
,2,105B,1M,Forward 2 1/2 Somersault Pike,21,2.6,54.6,1
,3,203B,1M,Back 1 1/2 Somersault Pike,22,2.3,50.6,3
,4,303B,1M,Reverse 1 1/2 Somersault Pike,13,2.4,31.2,18
,5,5333D,1M,Reverse 1 1/2 Somersault 1 1/2 Twist Free,18.5,2.6,48.1,4
,6,5134D,1M,Forward 1 1/2 Somersault 2 Twist Free,21,2.6,54.6,1
,Totals,,,,118,14.9,614.5,
,Dive,Number,Height,Description,Net,DD,Score,Round
,,,,,Score,,,Place
,1,5152B,3M,Forward 2 1/2 Somersault 1 Twist Pike,21.5,3,64.5,1
,2,405B,3M,Inward 2 1/2 Somersault Pike,18,3,54,2
,3,107B,3M,Forward 3 1/2 Somersault Pike,15.5,3.1,48.05,9
,4,205B,3M,Back 2 1/2 Somersault Pike,16.5,3,49.5,9
,5,305B,3M,Reverse 2 1/2 Somersault Pike,11.5,3,34.5,48
,6,5235D,3M,Back 1 1/2 Somersault 2 1/2 Twist Free,19,2.8,53.2,2
,Totals,,,,102,17.9,303.75,
,Dive,Number,Height,Description,Net,DD,Score,Round
,,,,,Score,,,Place
,0,,0M,Carry Over from Previous Round,0,0,303.75,0
,1,5152B,3M,Forward 2 1/2 Somersault 1 Twist Pike,21,3,63,1
,2,405B,3M,Inward 2 1/2 Somersault Pike,19.5,3,58.5,1
,3,107B,3M,Forward 3 1/2 Somersault Pike,19.5,3.1,60.45,2
,4,205B,3M,Back 2 1/2 Somersault Pike,22.5,3,67.5,1
,5,305B,3M,Reverse 2 1/2 Somersault Pike,14,3,42,17
,6,5235D,3M,Back 1 1/2 Somersault 2 1/2 Twist Free,21.5,2.8,60.2,1
,Totals,,,,118,17.9,655.4,
,Dive,Number,Height,Description,Net,DD,Score,Round
,,,,,Score,,,Place
,1,405B,3M,Inward 2 1/2 Somersault Pike,19,3,57,4
,2,107B,3M,Forward 3 1/2 Somersault Pike,19,3.1,58.9,3
,3,205B,3M,Back 2 1/2 Somersault Pike,17.5,3,52.5,8
,4,305B,3M,Reverse 2 1/2 Somersault Pike,9.5,3,28.5,36
,5,5152B,3M,Forward 2 1/2 Somersault 1 Twist Pike,18,3,54,5
,Totals,,,,83,15.1,250.9,
,Dive,Number,Height,Description,Net,DD,Score,Round
,,,,,Score,,,Place
,0,,0M,Carry Over from Previous Round,0,0,250.9,0
,1,405B,3M,Inward 2 1/2 Somersault Pike,18.5,3,55.5,8
,2,107B,3M,Forward 3 1/2 Somersault Pike,16.5,3.1,51.15,8
,3,205B,3M,Back 2 1/2 Somersault Pike,20.5,3,61.5,4
,4,305B,3M,Reverse 2 1/2 Somersault Pike,21,3,63,1
,5,5152B,3M,Forward 2 1/2 Somersault 1 Twist Pike,20.5,3,61.5,3
,Totals,,,,97,15.1,543.55,
,Dive,Number,Height,Description,Net,DD,Score,Round
,,,,,Score,,,Place
,1,401B,3M,Inward Dive Pike,37.5,2,45,2
,,401B,3M,Inward Dive Pike,,,,
,2,301B,3M,Reverse Dive Pike,32.5,2,39,4
,,301B,3M,Reverse Dive Pike,,,,
,3,107B,3M,Forward 3 1/2 Somersault Pike,23,3.1,42.78,7
,,107B,3M,Forward 3 1/2 Somersault Pike,,,,
,4,205B,3M,Back 2 1/2 Somersault Pike,32,3,57.6,3
,,205B,3M,Back 2 1/2 Somersault Pike,,,,
,5,5152B,3M,Forward 2 1/2 Somersault 1 Twist Pike,29.5,3,53.1,3
,,5152B,3M,Forward 2 1/2 Somersault 1 Twist Pike,,,,
,Totals,,,,154.5,13.1,237.48,
,Dive,Number,Height,Description,Net,DD,Score,Round
,,,,,Score,,,Place
,0,,0M,Carry Over from Previous Round,0,0,237.48,0
,,,0M,Carry Over from Previous Round,,,,
,1,401B,3M,Inward Dive Pike,37.5,2,45,3
,,401B,3M,Inward Dive Pike,,,,
,2,301B,3M,Reverse Dive Pike,33.5,2,40.2,3
,,301B,3M,Reverse Dive Pike,,,,
,3,107B,3M,Forward 3 1/2 Somersault Pike,28.5,3.1,53.01,3
,,107B,3M,Forward 3 1/2 Somersault Pike,,,,
,4,205B,3M,Back 2 1/2 Somersault Pike,35.5,3,63.9,1
,,205B,3M,Back 2 1/2 Somersault Pike,,,,
,5,5152B,3M,Forward 2 1/2 Somersault 1 Twist Pike,37,3,66.6,2
,,5152B,3M,Forward 2 1/2 Somersault 1 Twist Pike,,,,
,Totals,,,,172,13.1,506.19,
,Dive,Number,Height,Description,Net,DD,Score,Round
,,,,,Score,,,Place
,1,403B,1M,Inward 1 1/2 Somersault Pike,21,2.4,50.4,4
,2,105B,1M,Forward 2 1/2 Somersault Pike,21,2.6,54.6,1
,3,203B,1M,Back 1 1/2 Somersault Pike,16,2.3,36.8,11
,4,303B,1M,Reverse 1 1/2 Somersault Pike,22,2.4,52.8,1
,5,5333D,1M,Reverse 1 1/2 Somersault 1 1/2 Twist Free,20,2.6,52,1
,6,5134D,1M,Forward 1 1/2 Somersault 2 Twist Free,21,2.6,54.6,1
,Totals,,,,121,14.9,301.2,
,Dive,Number,Height,Description,Net,DD,Score,Round
,,,,,Score,,,Place
,0,,0M,Carry Over from Previous Round,0,0,301.2,0
,1,403B,1M,Inward 1 1/2 Somersault Pike,22,2.4,52.8,2
,2,105B,1M,Forward 2 1/2 Somersault Pike,19.5,2.6,50.7,1
,3,203B,1M,Back 1 1/2 Somersault Pike,19.5,2.3,44.85,6
,4,303B,1M,Reverse 1 1/2 Somersault Pike,19.5,2.4,46.8,3
,5,5333D,1M,Reverse 1 1/2 Somersault 1 1/2 Twist Free,22.5,2.6,58.5,1
,6,5134D,1M,Forward 1 1/2 Somersault 2 Twist Free,20.5,2.6,53.3,1
,Totals,,,,123.5,14.9,608.15,
,Dive,Number,Height,Description,Net,DD,Score,Round
,,,,,Score,,,Place
,1,403B,1M,Inward 1 1/2 Somersault Pike,20.25,2.4,48.6,3
,2,105B,1M,Forward 2 1/2 Somersault Pike,20.25,2.6,52.65,2
,3,203B,1M,Back 1 1/2 Somersault Pike,21,2.3,48.3,3
,4,303B,1M,Reverse 1 1/2 Somersault Pike,21.75,2.4,52.2,1
,5,5333D,1M,Reverse 1 1/2 Somersault 1 1/2 Twist Free,18,2.6,46.8,2
,6,5134D,1M,Forward 1 1/2 Somersault 2 Twist Free,21,2.6,54.6,1
,Totals,,,,122.25,14.9,303.15,
,Dive,Number,Height,Description,Net,DD,Score,Round
,,,,,Score,,,Place
,1,5152B,3M,Forward 2 1/2 Somersault 1 Twist Pike,21,3,63,1
,2,405B,3M,Inward 2 1/2 Somersault Pike,17.25,3,51.75,2
,3,107B,3M,Forward 3 1/2 Somersault Pike,19.5,3.1,60.45,2
,4,205B,3M,Back 2 1/2 Somersault Pike,22.5,3,67.5,1
,5,305B,3M,Reverse 2 1/2 Somersault Pike,21.75,3,65.25,1
,6,5235D,3M,Back 1 1/2 Somersault 2 1/2 Twist Free,18,2.8,50.4,5
,Totals,,,,120,17.9,358.35,
,Dive,Number,Height,Description,Net,DD,Score,Round
,,,,,Score,,,Place
,1,403B,1M,Inward 1 1/2 Somersault Pike,21,2.4,50.4,1
,2,105B,1M,Forward 2 1/2 Somersault Pike,13.5,2.6,35.1,5
,3,203B,1M,Back 1 1/2 Somersault Pike,18,2.3,41.4,2
,4,303B,1M,Reverse 1 1/2 Somersault Pike,21.75,2.4,52.2,1
,5,5333D,1M,Reverse 1 1/2 Somersault 1 1/2 Twist Free,20.25,2.6,52.65,1
,6,5134D,1M,Forward 1 1/2 Somersault 2 Twist Free,19.5,2.6,50.7,1
,Totals,,,,114,14.9,282.45,
,Dive,Number,Height,Description,Net,DD,Score,Round
,,,,,Score,,,Place
,1,5152B,3M,Forward 2 1/2 Somersault 1 Twist Pike,20.25,3,60.75,1
,2,405B,3M,Inward 2 1/2 Somersault Pike,21,3,63,1
,3,107B,3M,Forward 3 1/2 Somersault Pike,11.25,3.1,34.88,6
,4,205B,3M,Back 2 1/2 Somersault Pike,21.75,3,65.25,1
,5,305B,3M,Reverse 2 1/2 Somersault Pike,14.25,3,42.75,2
,6,5235D,3M,Back 1 1/2 Somersault 2 1/2 Twist Free,20.25,2.8,56.7,2
,Totals,,,,108.75,17.9,323.33,
,Dive,Number,Height,Description,Net,DD,Score,Round
,,,,,Score,,,Place
,1,403B,1M,Inward 1 1/2 Somersault Pike,21.5,2.4,51.6,1
,2,105B,1M,Forward 2 1/2 Somersault Pike,19.5,2.6,50.7,2
,3,203B,1M,Back 1 1/2 Somersault Pike,21.5,2.3,49.45,2
,4,303B,1M,Reverse 1 1/2 Somersault Pike,22,2.4,52.8,1
,5,5134D,1M,Forward 1 1/2 Somersault 2 Twist Free,19,2.6,49.4,2
,6,5233D,1M,Back 1 1/2 Somersault 1 1/2 Twist Free,16,2.5,40,5
,Totals,,,,119.5,14.8,293.95,
,Dive,Number,Height,Description,Net,DD,Score,Round
,,,,,Score,,,Place
,1,5152B,3M,Forward 2 1/2 Somersault 1 Twist Pike,21.5,3,64.5,1
,2,405B,3M,Inward 2 1/2 Somersault Pike,12.5,3,37.5,5
,3,107B,3M,Forward 3 1/2 Somersault Pike,14,3.1,43.4,4
,4,305B,3M,Reverse 2 1/2 Somersault Pike,20,3,60,1
,5,205B,3M,Back 2 1/2 Somersault Pike,16.5,3,49.5,2
,6,5235D,3M,Back 1 1/2 Somersault 2 1/2 Twist Free,17,2.8,47.6,5
,Totals,,,,101.5,17.9,302.5,
,Dive,Number,Height,Description,Net,DD,Score,Round
,,,,,Score,,,Place
,1,405B,3M,Inward 2 1/2 Somersault Pike,17,3,51,13
,2,107B,3M,Forward 3 1/2 Somersault Pike,20.5,3.1,63.55,1
,3,205B,3M,Back 2 1/2 Somersault Pike,16.5,3,49.5,20
,4,305B,3M,Reverse 2 1/2 Somersault Pike,12,3,36,49
,5,5152B,3M,Forward 2 1/2 Somersault 1 Twist Pike,21,3,63,5
,Totals,,,,87,15.1,263.05,
,Dive,Number,Height,Description,Net,DD,Score,Round
,,,,,Score,,,Place
,1,405B,3M,Inward 2 1/2 Somersault Pike,18.5,3,55.5,6
,2,107B,3M,Forward 3 1/2 Somersault Pike,19.5,3.1,60.45,2
,3,205B,3M,Back 2 1/2 Somersault Pike,15,3,45,6
,4,305B,3M,Reverse 2 1/2 Somersault Pike,22,3,66,1
,5,5152B,3M,Forward 2 1/2 Somersault 1 Twist Pike,20.5,3,61.5,1
,Totals,,,,95.5,15.1,288.45,
,Dive,Number,Height,Description,Net,DD,Score,Round
,,,,,Score,,,Place
,1,401B,3M,Inward Dive Pike,39,2,46.8,1
,,401B,3M,Inward Dive Pike,,,,
,2,301B,3M,Reverse Dive Pike,33.5,2,40.2,6
,,301B,3M,Reverse Dive Pike,,,,
,3,107B,3M,Forward 3 1/2 Somersault Pike,26,3.1,48.36,6
,,107B,3M,Forward 3 1/2 Somersault Pike,,,,
,4,205B,3M,Back 2 1/2 Somersault Pike,33.5,3,60.3,1
,,205B,3M,Back 2 1/2 Somersault Pike,,,,
,5,5152B,3M,Forward 2 1/2 Somersault 1 Twist Pike,29.5,3,53.1,3
,,5152B,3M,Forward 2 1/2 Somersault 1 Twist Pike,,,,
,Totals,,,,161.5,13.1,248.76,
,Dive,Number,Height,Description,Net,DD,Score,Round
,,,,,Score,,,Place
,1,403B,1M,Inward 1 1/2 Somersault Pike,21,2.4,50.4,13
,2,105B,1M,Forward 2 1/2 Somersault Pike,17.5,2.6,45.5,24
,3,203B,1M,Back 1 1/2 Somersault Pike,18,2.3,41.4,34
,4,303B,1M,Reverse 1 1/2 Somersault Pike,17.5,2.4,42,35
,5,5333D,1M,Reverse 1 1/2 Somersault 1 1/2 Twist Free,18.5,2.6,48.1,19
,6,5233D,1M,Back 1 1/2 Somersault 1 1/2 Twist Free,19.5,2.5,48.75,20
,Totals,,,,112,14.8,276.15,
,Dive,Number,Height,Description,Net,DD,Score,Round
,,,,,Score,,,Place
,1,5152B,3M,Forward 2 1/2 Somersault 1 Twist Pike,20.5,3,61.5,3
,2,107B,3M,Forward 3 1/2 Somersault Pike,18,3.1,55.8,19
,3,405B,3M,Inward 2 1/2 Somersault Pike,22.5,3,67.5,1
,4,205B,3M,Back 2 1/2 Somersault Pike,20,3,60,7
,5,305B,3M,Reverse 2 1/2 Somersault Pike,13.5,3,40.5,37
,6,5235D,3M,Back 1 1/2 Somersault 2 1/2 Twist Free,22.5,2.8,63,8
,Totals,,,,117,17.9,348.3,
,Dive,Number,Height,Description,Net,DD,Score,Round
,,,,,Score,,,Place
,1,5152B,3M,Forward 2 1/2 Somersault 1 Twist Pike,19,3,57,5
,2,107B,3M,Forward 3 1/2 Somersault Pike,20,3.1,62,8
,3,405B,3M,Inward 2 1/2 Somersault Pike,23,3,69,1
,4,205B,3M,Back 2 1/2 Somersault Pike,20.5,3,61.5,4
,5,305B,3M,Reverse 2 1/2 Somersault Pike,10.5,3,31.5,8
,6,5235D,3M,Back 1 1/2 Somersault 2 1/2 Twist Free,22.5,2.8,63,5
,Totals,,,,115.5,17.9,344,
,Dive,Number,Height,Description,Net,DD,Score,Round
,,,,,Score,,,Place
,1,403B,1M,Inward 1 1/2 Somersault Pike,21.5,2.4,51.6,4
,2,105B,1M,Forward 2 1/2 Somersault Pike,19.5,2.6,50.7,8
,3,203B,1M,Back 1 1/2 Somersault Pike,22,2.3,50.6,5
,4,303B,1M,Reverse 1 1/2 Somersault Pike,22.5,2.4,54,2
,5,5333D,1M,Reverse 1 1/2 Somersault 1 1/2 Twist Free,19.5,2.6,50.7,3
,6,5233D,1M,Back 1 1/2 Somersault 1 1/2 Twist Free,21,2.5,52.5,3
,Totals,,,,126,14.8,310.1,
,Dive,Number,Height,Description,Net,DD,Score,Round
,,,,,Score,,,Place
,0,,0M,Carry Over from Previous Round,0,0,310.1,0
,1,403B,1M,Inward 1 1/2 Somersault Pike,21,2.4,50.4,5
,2,105B,1M,Forward 2 1/2 Somersault Pike,21,2.6,54.6,3
,3,203B,1M,Back 1 1/2 Somersault Pike,20,2.3,46,9
,4,303B,1M,Reverse 1 1/2 Somersault Pike,23,2.4,55.2,2
,5,5333D,1M,Reverse 1 1/2 Somersault 1 1/2 Twist Free,19,2.6,49.4,6
,6,5233D,1M,Back 1 1/2 Somersault 1 1/2 Twist Free,21,2.5,52.5,3
,Totals,,,,125,14.8,618.2,
,Dive,Number,Height,Description,Net,DD,Score,Round
,,,,,Score,,,Place
,1,5152B,3M,Forward 2 1/2 Somersault 1 Twist Pike,21,3,63,1
,2,107B,3M,Forward 3 1/2 Somersault Pike,17,3.1,52.7,10
,3,405B,3M,Inward 2 1/2 Somersault Pike,20,3,60,3
,4,205B,3M,Back 2 1/2 Somersault Pike,19.5,3,58.5,4
,5,305B,3M,Reverse 2 1/2 Somersault Pike,22,3,66,1
,6,5235D,3M,Back 1 1/2 Somersault 2 1/2 Twist Free,20,2.8,56,5
,Totals,,,,119.5,17.9,356.2,
,Dive,Number,Height,Description,Net,DD,Score,Round
,,,,,Score,,,Place
,0,,0M,Carry Over from Previous Round,0,0,356.2,0
,1,5152B,3M,Forward 2 1/2 Somersault 1 Twist Pike,22,3,66,1
,2,107B,3M,Forward 3 1/2 Somersault Pike,13.5,3.1,41.85,15
,3,405B,3M,Inward 2 1/2 Somersault Pike,19.5,3,58.5,4
,4,205B,3M,Back 2 1/2 Somersault Pike,16,3,48,13
,5,305B,3M,Reverse 2 1/2 Somersault Pike,23,3,69,2
,6,5235D,3M,Back 1 1/2 Somersault 2 1/2 Twist Free,21,2.8,58.8,2
,Totals,,,,115,17.9,698.35,
,Dive,Number,Height,Description,Net,DD,Score,Round
,,,,,Score,,,Place
,1,403B,1M,Inward 1 1/2 Somersault Pike,22,2.4,52.8,1
,2,105B,1M,Forward 2 1/2 Somersault Pike,13.5,2.6,35.1,17
,3,203B,1M,Back 1 1/2 Somersault Pike,21.5,2.3,49.45,5
,4,303B,1M,Reverse 1 1/2 Somersault Pike,13.5,2.4,32.4,14
,5,5333D,1M,Reverse 1 1/2 Somersault 1 1/2 Twist Free,17,2.6,44.2,6
,6,5233D,1M,Back 1 1/2 Somersault 1 1/2 Twist Free,18,2.5,45,11
,Totals,,,,105.5,14.8,258.95,
,Dive,Number,Height,Description,Net,DD,Score,Round
,,,,,Score,,,Place
,0,,0M,Carry Over from Previous Round,0,0,0,0
,1,403B,1M,Inward 1 1/2 Somersault Pike,19.5,2.4,46.8,3
,2,105B,1M,Forward 2 1/2 Somersault Pike,20.5,2.6,53.3,1
,3,203B,1M,Back 1 1/2 Somersault Pike,21,2.3,48.3,1
,4,303B,1M,Reverse 1 1/2 Somersault Pike,23,2.4,55.2,1
,5,5333D,1M,Reverse 1 1/2 Somersault 1 1/2 Twist Free,18,2.6,46.8,1
,6,5233D,1M,Back 1 1/2 Somersault 1 1/2 Twist Free,20.5,2.5,51.25,1
,Totals,,,,122.5,14.8,301.65,
,Dive,Number,Height,Description,Net,DD,Score,Round
,,,,,Score,,,Place
,1,5152B,3M,Forward 2 1/2 Somersault 1 Twist Pike,21,3,63,1
,2,107B,3M,Forward 3 1/2 Somersault Pike,19.5,3.1,60.45,3
,3,405B,3M,Inward 2 1/2 Somersault Pike,20.5,3,61.5,2
,4,205B,3M,Back 2 1/2 Somersault Pike,21,3,63,1
,5,305B,3M,Reverse 2 1/2 Somersault Pike,22.5,3,67.5,1
,6,5235D,3M,Back 1 1/2 Somersault 2 1/2 Twist Free,21.5,2.8,60.2,1
,Totals,,,,126,17.9,375.65,
,Dive,Number,Height,Description,Net,DD,Score,Round
,,,,,Score,,,Place
,1,5152B,3M,Forward 2 1/2 Somersault 1 Twist Pike,18.5,3,55.5,3
,2,107B,3M,Forward 3 1/2 Somersault Pike,20.5,3.1,63.55,2
,3,405B,3M,Inward 2 1/2 Somersault Pike,21,3,63,3
,4,205B,3M,Back 2 1/2 Somersault Pike,19.5,3,58.5,3
,5,305B,3M,Reverse 2 1/2 Somersault Pike,21,3,63,1
,6,5235D,3M,Back 1 1/2 Somersault 2 1/2 Twist Free,24,2.8,67.2,2
,Totals,,,,124.5,17.9,370.75,
,Dive,Number,Height,Description,Net,DD,Score,Round
,,,,,Score,,,Place
,1,403B,1M,Inward 1 1/2 Somersault Pike,21,2.4,50.4,5
,2,105B,1M,Forward 2 1/2 Somersault Pike,24,2.6,62.4,1
,3,203B,1M,Back 1 1/2 Somersault Pike,17.25,2.3,39.68,6
,4,303B,1M,Reverse 1 1/2 Somersault Pike,18,2.4,43.2,4
,5,5333D,1M,Reverse 1 1/2 Somersault 1 1/2 Twist Free,20.25,2.6,52.65,2
,6,5233D,1M,Back 1 1/2 Somersault 1 1/2 Twist Free,23.25,2.5,58.13,2
,Totals,,,,123.75,14.8,306.45,
,Dive,Number,Height,Description,Net,DD,Score,Round
,,,,,Score,,,Place
,1,5152B,3M,Forward 2 1/2 Somersault 1 Twist Pike,22.5,3,67.5,2
,2,107B,3M,Forward 3 1/2 Somersault Pike,24,3.1,74.4,2
,3,405B,3M,Inward 2 1/2 Somersault Pike,17.25,3,51.75,5
,4,205B,3M,Back 2 1/2 Somersault Pike,12,3,36,6
,5,305B,3M,Reverse 2 1/2 Somersault Pike,27,3,81,1
,6,5235D,3M,Back 1 1/2 Somersault 2 1/2 Twist Free,26.25,2.8,73.5,1
,Totals,,,,129,17.9,384.15,
,Dive,Number,Height,Description,Net,DD,Score,Round
,,,,,Score,,,Place
,1,403B,1M,Inward 1 1/2 Somersault Pike,23.25,2.4,55.8,1
,2,105B,1M,Forward 2 1/2 Somersault Pike,24,2.6,62.4,1
,3,203B,1M,Back 1 1/2 Somersault Pike,24,2.3,55.2,1
,4,303B,1M,Reverse 1 1/2 Somersault Pike,19.5,2.4,46.8,4
,5,5333D,1M,Reverse 1 1/2 Somersault 1 1/2 Twist Free,19.5,2.6,50.7,1
,6,5233D,1M,Back 1 1/2 Somersault 1 1/2 Twist Free,21.75,2.5,54.38,1
,Totals,,132,14.8,325.28,,,
,Dive,Number,Height,Description,Net,DD,Score,Round
,,,,,Score,,,Place
,1,5152B,3M,Forward 2 1/2 Somersault 1 Twist Pike,20.25,3,60.75,1
,2,107B,3M,Forward 3 1/2 Somersault Pike,15.75,3.1,48.83,5
,3,405B,3M,Inward 2 1/2 Somersault Pike,21,3,63,1
,4,205B,3M,Back 2 1/2 Somersault Pike,23.25,3,69.75,1
,5,305B,3M,Reverse 2 1/2 Somersault Pike,21.75,3,65.25,1
,6,5235D,3M,Back 1 1/2 Somersault 2 1/2 Twist Free,21.75,2.8,60.9,1
,Totals,,,,123.75,17.9,368.48,
,Dive,Number,Height,Description,Net,DD,Score,Round
,,,,,Score,,,Place
,1,403B,1M,Inward 1 1/2 Somersault Pike,21,2.4,50.4,1
,2,105B,1M,Forward 2 1/2 Somersault Pike,21.75,2.6,56.55,2
,3,203B,1M,Back 1 1/2 Somersault Pike,21.75,2.3,50.03,2
,4,303B,1M,Reverse 1 1/2 Somersault Pike,15.75,2.4,37.8,3
,5,5333D,1M,Reverse 1 1/2 Somersault 1 1/2 Twist Free,18,2.6,46.8,3
,6,5233D,1M,Back 1 1/2 Somersault 1 1/2 Twist Free,21,2.5,52.5,3
,Totals,,,,119.25,14.8,294.08,
,Dive,Number,Height,Description,Net,DD,Score,Round
,,,,,Score,,,Place
,1,5152B,3M,Forward 2 1/2 Somersault 1 Twist Pike,16.5,3,49.5,4
,2,107B,3M,Forward 3 1/2 Somersault Pike,18.75,3.1,58.13,2
,3,405B,3M,Inward 2 1/2 Somersault Pike,15,3,45,6
,4,205B,3M,Back 2 1/2 Somersault Pike,18,3,54,2
,5,305B,3M,Reverse 2 1/2 Somersault Pike,21,3,63,1
,6,5235D,3M,Back 1 1/2 Somersault 2 1/2 Twist Free,21,2.8,58.8,1
,Totals,,,,110.25,17.9,328.43,
,Dive,Number,Height,Description,Net,DD,Score,Round
,,,,,Score,,,Place
,1,403B,1M,Inward 1 1/2 Somersault Pike,20.25,2.4,48.6,3
,2,105B,1M,Forward 2 1/2 Somersault Pike,23.25,2.6,60.45,1
,3,203B,1M,Back 1 1/2 Somersault Pike,18.75,2.3,43.13,7
,4,303B,1M,Reverse 1 1/2 Somersault Pike,21.75,2.4,52.2,1
,5,5333D,1M,Reverse 1 1/2 Somersault 1 1/2 Twist Free,17.25,2.6,44.85,5
,6,5233D,1M,Back 1 1/2 Somersault 1 1/2 Twist Free,20.25,2.5,50.63,4
,Totals,,,,121.5,14.8,299.85,
,Dive,Number,Height,Description,Net,DD,Score,Round
,,,,,Score,,,Place
,1,5152B,3M,Forward 2 1/2 Somersault 1 Twist Pike,18.75,3,56.25,3
,2,107B,3M,Forward 3 1/2 Somersault Pike,17.25,3.1,53.48,1
,3,405B,3M,Inward 2 1/2 Somersault Pike,22.5,3,67.5,3
,4,205B,3M,Back 2 1/2 Somersault Pike,21,3,63,1
,5,305B,3M,Reverse 2 1/2 Somersault Pike,15.75,3,47.25,5
,6,5235D,3M,Back 1 1/2 Somersault 2 1/2 Twist Free,20.25,2.8,56.7,1
,Totals,,115.5,17.9,344.18,,,
,Dive,Number,Height,Description,Net,DD,Score,Round
,,,,,Score,,,Place
,1,403B,1M,Inward 1 1/2 Somersault Pike,21,2.4,50.4,1
,2,105B,1M,Forward 2 1/2 Somersault Pike,18,2.6,46.8,3
,3,203B,1M,Back 1 1/2 Somersault Pike,22.5,2.3,51.75,2
,4,303B,1M,Reverse 1 1/2 Somersault Pike,24.5,2.4,58.8,1
,5,5333D,1M,Reverse 1 1/2 Somersault 1 1/2 Twist Free,20,2.6,52,1
,6,5233D,1M,Back 1 1/2 Somersault 1 1/2 Twist Free,21.5,2.5,53.75,2
,Totals,,,,127.5,14.8,313.5,
,Dive,Number,Height,Description,Net,DD,Score,Round
,,,,,Score,,,Place
,0,,0M,Carry Over from Previous Round,0,0,313.5,0
,1,403B,1M,Inward 1 1/2 Somersault Pike,22,2.4,52.8,2
,2,105B,1M,Forward 2 1/2 Somersault Pike,18.5,2.6,48.1,5
,3,203B,1M,Back 1 1/2 Somersault Pike,22,2.3,50.6,3
,4,303B,1M,Reverse 1 1/2 Somersault Pike,24.5,2.4,58.8,1
,5,5333D,1M,Reverse 1 1/2 Somersault 1 1/2 Twist Free,19,2.6,49.4,2
,6,5233D,1M,Back 1 1/2 Somersault 1 1/2 Twist Free,21,2.5,52.5,1
,Totals,,,,127,14.8,625.7,
,Dive,Number,Height,Description,Net,DD,Score,Round
,,,,,Score,,,Place
,1,5152B,3M,Forward 2 1/2 Somersault 1 Twist Pike,21.5,3,64.5,2
,2,107B,3M,Forward 3 1/2 Somersault Pike,14,3.1,43.4,15
,3,405B,3M,Inward 2 1/2 Somersault Pike,21.5,3,64.5,2
,4,205B,3M,Back 2 1/2 Somersault Pike,22.5,3,67.5,1
,5,305B,3M,Reverse 2 1/2 Somersault Pike,20.5,3,61.5,1
,6,5235D,3M,Back 1 1/2 Somersault 2 1/2 Twist Free,21,2.8,58.8,1
,Totals,,,,121,17.9,360.2,
,Dive,Number,Height,Description,Net,DD,Score,Round
,,,,,Score,,,Place
,0,,0M,Carry Over from Previous Round,0,0,360.2,0
,1,5152B,3M,Forward 2 1/2 Somersault 1 Twist Pike,23,3,69,1
,2,107B,3M,Forward 3 1/2 Somersault Pike,22.5,3.1,69.75,2
,3,405B,3M,Inward 2 1/2 Somersault Pike,21,3,63,2
,4,205B,3M,Back 2 1/2 Somersault Pike,15.5,3,46.5,11
,5,305B,3M,Reverse 2 1/2 Somersault Pike,25.5,3,76.5,1
,6,5235D,3M,Back 1 1/2 Somersault 2 1/2 Twist Free,22.5,2.8,63,1
,Totals,,,,130,17.9,747.95,
,Dive,Number,Height,Description,Net,DD,Score,Round
,,,,,Score,,,Place
,1,403B,1M,Inward 1 1/2 Somersault Pike,21.75,2.4,52.2,1
,2,105B,1M,Forward 2 1/2 Somersault Pike,22.5,2.6,58.5,1
,3,203B,1M,Back 1 1/2 Somersault Pike,16.5,2.3,37.95,12
,4,303B,1M,Reverse 1 1/2 Somersault Pike,21.75,2.4,52.2,2
,5,5333D,1M,Reverse 1 1/2 Somersault 1 1/2 Twist Free,18.75,2.6,48.75,3
,6,5233D,1M,Back 1 1/2 Somersault 1 1/2 Twist Free,22.5,2.5,56.25,2
,Totals,,,,123.75,14.8,305.85,
,Dive,Number,Height,Description,Net,DD,Score,Round
,,,,,Score,,,Place
,1,5152B,3M,Forward 2 1/2 Somersault 1 Twist Pike,21,3,63,1
,2,107B,3M,Forward 3 1/2 Somersault Pike,14.25,3.1,44.18,6
,3,405B,3M,Inward 2 1/2 Somersault Pike,20.25,3,60.75,1
,4,205B,3M,Back 2 1/2 Somersault Pike,18,3,54,3
,5,305B,3M,Reverse 2 1/2 Somersault Pike,18,3,54,2
,6,5235D,3M,Back 1 1/2 Somersault 2 1/2 Twist Free,22.5,2.8,63,1
,Totals,,,,114,17.9,338.93,
,Dive,Number,Height,Description,Net,DD,Score,Round
,,,,,Score,,,Place
,1,5152B,3M,Forward 2 1/2 Somersault 1 Twist Pike,22,3,66,2
,2,107B,3M,Forward 3 1/2 Somersault Pike,19,3.1,58.9,6
,3,205B,3M,Back 2 1/2 Somersault Pike,20,3,60,3
,4,305B,3M,Reverse 2 1/2 Somersault Pike,23,3,69,3
,5,405B,3M,Inward 2 1/2 Somersault Pike,16.5,3,49.5,17
,Totals,,,,100.5,15.1,303.4,
,Dive,Number,Height,Description,Net,DD,Score,Round
,,,,,Score,,,Place
,0,,0M,Carry Over from Previous Round,0,0,303.4,0
,1,5152B,3M,Forward 2 1/2 Somersault 1 Twist Pike,22.5,3,67.5,1
,2,107B,3M,Forward 3 1/2 Somersault Pike,18,3.1,55.8,8
,3,205B,3M,Back 2 1/2 Somersault Pike,19.5,3,58.5,4
,4,305B,3M,Reverse 2 1/2 Somersault Pike,17.5,3,52.5,6
,5,405B,3M,Inward 2 1/2 Somersault Pike,17,3,51,7
,Totals,,,,94.5,15.1,588.7,
,Dive,Number,Height,Description,Net,DD,Score,Round
,,,,,Score,,,Place
,1,201B,3M,Back Dive Pike,34,2,40.8,6
,,201B,3M,Back Dive Pike,,,,
,2,301B,3M,Reverse Dive Pike,33.5,2,40.2,3
,,301B,3M,Reverse Dive Pike,,,,
,3,107B,3M,Forward 3 1/2 Somersault Pike,23,3.1,42.78,8
,,107B,3M,Forward 3 1/2 Somersault Pike,,,,
,4,405B,3M,Inward 2 1/2 Somersault Pike,29,3,52.2,5
,,405B,3M,Inward 2 1/2 Somersault Pike,,,,
,5,5152B,3M,Forward 2 1/2 Somersault 1 Twist Pike,33,3,59.4,2
,,5152B,3M,Forward 2 1/2 Somersault 1 Twist Pike,,,,
,Totals,,,,152.5,13.1,235.38,
,Dive,Number,Height,Description,Net,DD,Score,Round
,,,,,Score,,,Place
,0,,0M,Carry Over from Previous Round,0,0,235.38,0
,,,0M,Carry Over from Previous Round,,,,
,1,201B,3M,Back Dive Pike,33.5,2,40.2,9
,,201B,3M,Back Dive Pike,,,,
,2,301B,3M,Reverse Dive Pike,34.5,2,41.4,6
,,301B,3M,Reverse Dive Pike,,,,
,3,107B,3M,Forward 3 1/2 Somersault Pike,30.5,3.1,56.73,2
,,107B,3M,Forward 3 1/2 Somersault Pike,,,,
,4,405B,3M,Inward 2 1/2 Somersault Pike,28,3,50.4,5
,,405B,3M,Inward 2 1/2 Somersault Pike,,,,
,5,5152B,3M,Forward 2 1/2 Somersault 1 Twist Pike,26,3,46.8,8
,,5152B,3M,Forward 2 1/2 Somersault 1 Twist Pike,,,,
,Totals,,,,152.5,13.1,470.91,
,Dive,Number,Height,Description,Net,DD,Score,Round
,,,,,Score,,,Place
,1,403B,1M,Inward 1 1/2 Somersault Pike,20.5,2.4,49.2,7
,2,105B,1M,Forward 2 1/2 Somersault Pike,21,2.6,54.6,2
,3,203B,1M,Back 1 1/2 Somersault Pike,22,2.3,50.6,3
,4,303B,1M,Reverse 1 1/2 Somersault Pike,20.5,2.4,49.2,7
,5,5333D,1M,Reverse 1 1/2 Somersault 1 1/2 Twist Free,18,2.6,46.8,4
,6,5233D,1M,Back 1 1/2 Somersault 1 1/2 Twist Free,19,2.5,47.5,9
,Totals,,,,121,14.8,297.9,
,Dive,Number,Height,Description,Net,DD,Score,Round
,,,,,Score,,,Place
,1,403B,1M,Inward 1 1/2 Somersault Pike,21,2.4,50.4,5
,2,105B,1M,Forward 2 1/2 Somersault Pike,20.5,2.6,53.3,2
,3,203B,1M,Back 1 1/2 Somersault Pike,21,2.3,48.3,5
,4,303B,1M,Reverse 1 1/2 Somersault Pike,22.5,2.4,54,3
,5,5333D,1M,Reverse 1 1/2 Somersault 1 1/2 Twist Free,19.5,2.6,50.7,5
,6,5233D,1M,Back 1 1/2 Somersault 1 1/2 Twist Free,21.5,2.5,53.75,5
,Totals,,,,126,14.8,310.45,
,Dive,Number,Height,Description,Net,DD,Score,Round
,,,,,Score,,,Place
,1,5152B,3M,Forward 2 1/2 Somersault 1 Twist Pike,21.5,3,64.5,1
,2,107B,3M,Forward 3 1/2 Somersault Pike,11.5,3.1,35.65,20
,3,405B,3M,Inward 2 1/2 Somersault Pike,16,3,48,13
,4,205B,3M,Back 2 1/2 Somersault Pike,21.5,3,64.5,1
,5,305B,3M,Reverse 2 1/2 Somersault Pike,14,3,42,19
,6,5235D,3M,Back 1 1/2 Somersault 2 1/2 Twist Free,19,2.8,53.2,8
,Totals,,,,103.5,17.9,307.85,
,Dive,Number,Height,Description,Net,DD,Score,Round
,,,,,Score,,,Place
,1,5152B,3M,Forward 2 1/2 Somersault 1 Twist Pike,21,3,63,4
,2,107B,3M,Forward 3 1/2 Somersault Pike,22.5,3.1,69.75,1
,3,405B,3M,Inward 2 1/2 Somersault Pike,18,3,54,6
,4,205B,3M,Back 2 1/2 Somersault Pike,24,3,72,1
,5,305B,3M,Reverse 2 1/2 Somersault Pike,23.5,3,70.5,1
,6,5235D,3M,Back 1 1/2 Somersault 2 1/2 Twist Free,21.5,2.8,60.2,5
,Totals,,,,130.5,17.9,389.45,
,Dive,Number,Height,Description,Net,DD,Score,Round
,,,,,Score,,,Place
,1,403B,1M,Inward 1 1/2 Somersault Pike,19.5,2.4,46.8,2
,2,105B,1M,Forward 2 1/2 Somersault Pike,18,2.6,46.8,2
,3,203B,1M,Back 1 1/2 Somersault Pike,20.25,2.3,46.58,2
,4,303B,1M,Reverse 1 1/2 Somersault Pike,21,2.4,50.4,1
,5,5333D,1M,Reverse 1 1/2 Somersault 1 1/2 Twist Free,20.25,2.6,52.65,1
,6,5233D,1M,Back 1 1/2 Somersault 1 1/2 Twist Free,19.5,2.5,48.75,1
,Totals,,,,118.5,14.8,291.98,
,Dive,Number,Height,Description,Net,DD,Score,Round
,,,,,Score,,,Place
,1,403B,3M,Inward 1 1/2 Somersault Pike,21,2.1,44.1,7
,2,205B,3M,Back 2 1/2 Somersault Pike,23.25,3,69.75,1
,3,305B,3M,Reverse 2 1/2 Somersault Pike,20.25,3,60.75,2
,4,105B,3M,Forward 2 1/2 Somersault Pike,20.25,2.4,48.6,2
,5,5152B,3M,Forward 2 1/2 Somersault 1 Twist Pike,17.25,3,51.75,2
,6,5235D,3M,Back 1 1/2 Somersault 2 1/2 Twist Free,19.5,2.8,54.6,1
,Totals,,,,121.5,16.3,329.55,
,Dive,Number,Height,Description,Net,DD,Score,Round
,,,,,Score,,,Place
,1,405B,3M,Inward 2 1/2 Somersault Pike,14.5,3,43.5,17
,2,107B,3M,Forward 3 1/2 Somersault Pike,13.5,3.1,41.85,22
,3,205B,3M,Back 2 1/2 Somersault Pike,19.5,3,58.5,3
,4,305B,3M,Reverse 2 1/2 Somersault Pike,12,3,36,23
,5,5152B,3M,Forward 2 1/2 Somersault 1 Twist Pike,20.5,3,61.5,4
,Totals,,,,80,15.1,241.35,
,Dive,Number,Height,Description,Net,DD,Score,Round
,,,,,Score,,,Place
,0,,0M,Carry Over from Previous Round,0,0,241.35,0
,1,405B,3M,Inward 2 1/2 Somersault Pike,11,3,33,17
,2,107B,3M,Forward 3 1/2 Somersault Pike,17,3.1,52.7,8
,3,205B,3M,Back 2 1/2 Somersault Pike,15.5,3,46.5,14
,4,305B,3M,Reverse 2 1/2 Somersault Pike,15.5,3,46.5,12
,5,5152B,3M,Forward 2 1/2 Somersault 1 Twist Pike,19,3,57,11
,Totals,,,,78,15.1,477.05,
,Dive,Number,Height,Description,Net,DD,Score,Round
,,,,,Score,,,Place
,1,401B,3M,Inward Dive Pike,39.5,2,47.4,4
,,401B,3M,Inward Dive Pike,,,,
,2,301B,3M,Reverse Dive Pike,37,2,44.4,3
,,301B,3M,Reverse Dive Pike,,,,
,3,107B,3M,Forward 3 1/2 Somersault Pike,29.5,3.1,54.87,5
,,107B,3M,Forward 3 1/2 Somersault Pike,,,,
,4,205B,3M,Back 2 1/2 Somersault Pike,33,3,59.4,2
,,205B,3M,Back 2 1/2 Somersault Pike,,,,
,5,5152B,3M,Forward 2 1/2 Somersault 1 Twist Pike,32,3,57.6,3
,,5152B,3M,Forward 2 1/2 Somersault 1 Twist Pike,,,,
,Totals,,,,171,13.1,263.67,
,Dive,Number,Height,Description,Net,DD,Score,Round
,,,,,Score,,,Place
,0,,0M,Carry Over from Previous Round,0,0,263.67,0
,,,0M,Carry Over from Previous Round,,,,
,1,401B,3M,Inward Dive Pike,38,2,45.6,4
,,401B,3M,Inward Dive Pike,,,,
,2,301B,3M,Reverse Dive Pike,37.5,2,45,4
,,301B,3M,Reverse Dive Pike,,,,
,3,107B,3M,Forward 3 1/2 Somersault Pike,31,3.1,57.66,5
,,107B,3M,Forward 3 1/2 Somersault Pike,,,,
,4,205B,3M,Back 2 1/2 Somersault Pike,32.5,3,58.5,4
,,205B,3M,Back 2 1/2 Somersault Pike,,,,
,5,5152B,3M,Forward 2 1/2 Somersault 1 Twist Pike,34.5,3,62.1,4
,,5152B,3M,Forward 2 1/2 Somersault 1 Twist Pike,,,,
,Totals,,,,173.5,13.1,532.53,
,Dive,Number,Height,Description,Net,DD,Score,Round
,,,,,Score,,,Place
,0,,0M,Carry Over from Previous Round,0,0,532.53,0
,,,0M,Carry Over from Previous Round,,,,
,1,401B,3M,Inward Dive Pike,37.5,2,45,5
,,401B,3M,Inward Dive Pike,,,,
,2,301B,3M,Reverse Dive Pike,33.5,2,40.2,6
,,301B,3M,Reverse Dive Pike,,,,
,3,107B,3M,Forward 3 1/2 Somersault Pike,32.5,3.1,60.45,3
,,107B,3M,Forward 3 1/2 Somersault Pike,,,,
,4,205B,3M,Back 2 1/2 Somersault Pike,33,3,59.4,5
,,205B,3M,Back 2 1/2 Somersault Pike,,,,
,5,5152B,3M,Forward 2 1/2 Somersault 1 Twist Pike,37,3,66.6,3
,,5152B,3M,Forward 2 1/2 Somersault 1 Twist Pike,,,,
,Totals,,,,173.5,13.1,804.18,
,Dive,Number,Height,Description,Net,DD,Score,Round
,,,,,Score,,,Place
,1,403B,1M,Inward 1 1/2 Somersault Pike,22.5,2.4,54,1
,2,105B,1M,Forward 2 1/2 Somersault Pike,23,2.6,59.8,1
,3,303B,1M,Reverse 1 1/2 Somersault Pike,20.5,2.4,49.2,4
,4,5333D,1M,Reverse 1 1/2 Somersault 1 1/2 Twist Free,16,2.6,41.6,15
,5,203B,1M,Back 1 1/2 Somersault Pike,20,2.3,46,10
,6,5233D,1M,Back 1 1/2 Somersault 1 1/2 Twist Free,20,2.5,50,5
,Totals,,,,122,14.8,300.6,
,Dive,Number,Height,Description,Net,DD,Score,Round
,,,,,Score,,,Place
,0,,0M,Carry Over from Previous Round,0,0,300.6,0
,1,403B,1M,Inward 1 1/2 Somersault Pike,21,2.4,50.4,2
,2,105B,1M,Forward 2 1/2 Somersault Pike,21.5,2.6,55.9,1
,3,303B,1M,Reverse 1 1/2 Somersault Pike,20.5,2.4,49.2,5
,4,5333D,1M,Reverse 1 1/2 Somersault 1 1/2 Twist Free,19.5,2.6,50.7,3
,5,203B,1M,Back 1 1/2 Somersault Pike,22.5,2.3,51.75,4
,6,5233D,1M,Back 1 1/2 Somersault 1 1/2 Twist Free,19.5,2.5,48.75,7
,Totals,,,,124.5,14.8,607.3,
,Dive,Number,Height,Description,Net,DD,Score,Round
,,,,,Score,,,Place
,1,405C,3M,Inward 2 1/2 Somersault Tuck,18,2.7,48.6,9
,2,107C,3M,Forward 3 1/2 Somersault Tuck,16.5,2.8,46.2,14
,3,205B,3M,Back 2 1/2 Somersault Pike,22,3,66,1
,4,305B,3M,Reverse 2 1/2 Somersault Pike,12.5,3,37.5,37
,5,5152B,3M,Forward 2 1/2 Somersault 1 Twist Pike,19.5,3,58.5,3
,6,5235D,3M,Back 1 1/2 Somersault 2 1/2 Twist Free,21,2.8,58.8,2
,Totals,,,,109.5,17.3,315.6,
,Dive,Number,Height,Description,Net,DD,Score,Round
,,,,,Score,,,Place
,0,,0M,Carry Over from Previous Round,0,0,315.6,0
,1,405C,3M,Inward 2 1/2 Somersault Tuck,21,2.7,56.7,3
,2,107C,3M,Forward 3 1/2 Somersault Tuck,18.5,2.8,51.8,7
,3,205B,3M,Back 2 1/2 Somersault Pike,22,3,66,2
,4,305B,3M,Reverse 2 1/2 Somersault Pike,15,3,45,13
,5,5152B,3M,Forward 2 1/2 Somersault 1 Twist Pike,15,3,45,12
,6,5235D,3M,Back 1 1/2 Somersault 2 1/2 Twist Free,21,2.8,58.8,3
,Totals,,,,112.5,17.3,638.9,
,Dive,Number,Height,Description,Net,DD,Score,Round
,,,,,Score,,,Place
,1,403B,1M,Inward 1 1/2 Somersault Pike,20.5,2.4,49.2,3
,2,105B,1M,Forward 2 1/2 Somersault Pike,20,2.6,52,4
,3,303B,1M,Reverse 1 1/2 Somersault Pike,24,2.4,57.6,1
,4,5333D,1M,Reverse 1 1/2 Somersault 1 1/2 Twist Free,20,2.6,52,2
,5,203B,1M,Back 1 1/2 Somersault Pike,23,2.3,52.9,4
,6,5233D,1M,Back 1 1/2 Somersault 1 1/2 Twist Free,21,2.5,52.5,4
,Totals,,,,128.5,14.8,316.2,
,Dive,Number,Height,Description,Net,DD,Score,Round
,,,,,Score,,,Place
,1,403B,1M,Inward 1 1/2 Somersault Pike,20,2.4,48,4
,2,105B,1M,Forward 2 1/2 Somersault Pike,22,2.6,57.2,1
,3,303B,1M,Reverse 1 1/2 Somersault Pike,24,2.4,57.6,1
,4,5333D,1M,Reverse 1 1/2 Somersault 1 1/2 Twist Free,19.5,2.6,50.7,6
,5,203B,1M,Back 1 1/2 Somersault Pike,24.5,2.3,56.35,1
,6,5233D,1M,Back 1 1/2 Somersault 1 1/2 Twist Free,22,2.5,55,2
,Totals,,,,132,14.8,324.85,
,Dive,Number,Height,Description,Net,DD,Score,Round
,,,,,Score,,,Place
,1,405C,3M,Inward 2 1/2 Somersault Tuck,23.5,2.7,63.45,1
,2,107C,3M,Forward 3 1/2 Somersault Tuck,16,2.8,44.8,13
,3,205B,3M,Back 2 1/2 Somersault Pike,24,3,72,1
,4,305B,3M,Reverse 2 1/2 Somersault Pike,18.5,3,55.5,3
,5,5152B,3M,Forward 2 1/2 Somersault 1 Twist Pike,23.5,3,70.5,1
,6,5235D,3M,Back 1 1/2 Somersault 2 1/2 Twist Free,20.5,2.8,57.4,2
,Totals,,,,126,17.3,363.65,
,Dive,Number,Height,Description,Net,DD,Score,Round
,,,,,Score,,,Place
,1,405C,3M,Inward 2 1/2 Somersault Tuck,16.5,2.7,44.55,7
,2,107C,3M,Forward 3 1/2 Somersault Tuck,25,2.8,70,1
,3,205B,3M,Back 2 1/2 Somersault Pike,24,3,72,1
,4,305B,3M,Reverse 2 1/2 Somersault Pike,23.5,3,70.5,2
,5,5152B,3M,Forward 2 1/2 Somersault 1 Twist Pike,19.5,3,58.5,1
,6,5235D,3M,Back 1 1/2 Somersault 2 1/2 Twist Free,22.5,2.8,63,3
,Totals,,,,131,17.3,378.55,
,Dive,Number,Height,Description,Net,DD,Score,Round
,,,,,Score,,,Place
,1,403B,1M,Inward 1 1/2 Somersault Pike,21,2.4,50.4,2
,2,105B,1M,Forward 2 1/2 Somersault Pike,21,2.6,54.6,1
,3,303B,1M,Reverse 1 1/2 Somersault Pike,20.25,2.4,48.6,1
,4,5333D,1M,Reverse 1 1/2 Somersault 1 1/2 Twist Free,20.25,2.6,52.65,1
,5,203B,1M,Back 1 1/2 Somersault Pike,24.75,2.3,56.93,1
,6,5233D,1M,Back 1 1/2 Somersault 1 1/2 Twist Free,22.5,2.5,56.25,1
,Totals,,,,129.75,14.8,319.43,
,Dive,Number,Height,Description,Net,DD,Score,Round
,,,,,Score,,,Place
,1,403B,1M,Inward 1 1/2 Somersault Pike,23.25,2.4,55.8,2
,2,105B,1M,Forward 2 1/2 Somersault Pike,19.5,2.6,50.7,2
,3,303B,1M,Reverse 1 1/2 Somersault Pike,21.75,2.4,52.2,1
,4,5333D,1M,Reverse 1 1/2 Somersault 1 1/2 Twist Free,18.75,2.6,48.75,2
,5,203B,1M,Back 1 1/2 Somersault Pike,24,2.3,55.2,1
,6,5233D,1M,Back 1 1/2 Somersault 1 1/2 Twist Free,21,2.5,52.5,1
,Totals,,,,128.25,14.8,315.15,
,Dive,Number,Height,Description,Net,DD,Score,Round
,,,,,Score,,,Place
,1,405C,3M,Inward 2 1/2 Somersault Tuck,19.5,2.7,52.65,3
,2,107C,3M,Forward 3 1/2 Somersault Tuck,20.25,2.8,56.7,2
,3,205B,3M,Back 2 1/2 Somersault Pike,16.5,3,49.5,3
,4,305B,3M,Reverse 2 1/2 Somersault Pike,22.5,3,67.5,1
,5,5152B,3M,Forward 2 1/2 Somersault 1 Twist Pike,21.75,3,65.25,1
,6,5235D,3M,Back 1 1/2 Somersault 2 1/2 Twist Free,21.75,2.8,60.9,2
,Totals,,,,122.25,17.3,352.5,
,Dive,Number,Height,Description,Net,DD,Score,Round
,,,,,Score,,,Place
,1,403B,1M,Inward 1 1/2 Somersault Pike,21,2.4,50.4,4
,2,105B,1M,Forward 2 1/2 Somersault Pike,17.25,2.6,44.85,6
,3,303B,1M,Reverse 1 1/2 Somersault Pike,19.5,2.4,46.8,1
,4,5333D,1M,Reverse 1 1/2 Somersault 1 1/2 Twist Free,18,2.6,46.8,4
,5,203B,1M,Back 1 1/2 Somersault Pike,17.25,2.3,39.68,7
,6,5233D,1M,Back 1 1/2 Somersault 1 1/2 Twist Free,13.5,2.5,33.75,8
,Totals,,,,106.5,14.8,262.28,
,Dive,Number,Height,Description,Net,DD,Score,Round
,,,,,Score,,,Place
,1,405C,3M,Inward 2 1/2 Somersault Tuck,21.75,2.7,58.73,1
,2,107C,3M,Forward 3 1/2 Somersault Tuck,14.25,2.8,39.9,7
,3,205B,3M,Back 2 1/2 Somersault Pike,18.75,3,56.25,2
,4,305B,3M,Reverse 2 1/2 Somersault Pike,22.5,3,67.5,1
,5,5152B,3M,Forward 2 1/2 Somersault 1 Twist Pike,21.75,3,65.25,1
,6,5235D,3M,Back 1 1/2 Somersault 2 1/2 Twist Free,21,2.8,58.8,1
,Totals,,,,120,17.3,346.43,
,Dive,Number,Height,Description,Net,DD,Score,Round
,,,,,Score,,,Place
,1,403B,1M,Inward 1 1/2 Somersault Pike,19.5,2.4,46.8,2
,2,105B,1M,Forward 2 1/2 Somersault Pike,21,2.6,54.6,1
,3,303B,1M,Reverse 1 1/2 Somersault Pike,16.5,2.4,39.6,5
,4,5333D,1M,Reverse 1 1/2 Somersault 1 1/2 Twist Free,11.25,2.6,29.25,8
,5,203B,1M,Back 1 1/2 Somersault Pike,22.5,2.3,51.75,3
,6,5233D,1M,Back 1 1/2 Somersault 1 1/2 Twist Free,19.5,2.5,48.75,2
,Totals,,,,110.25,14.8,270.75,
,Dive,Number,Height,Description,Net,DD,Score,Round
,,,,,Score,,,Place
,1,405C,3M,Inward 2 1/2 Somersault Tuck,18,2.7,48.6,2
,2,107C,3M,Forward 3 1/2 Somersault Tuck,12,2.8,33.6,5
,3,205B,3M,Back 2 1/2 Somersault Pike,21.75,3,65.25,1
,4,305B,3M,Reverse 2 1/2 Somersault Pike,19.5,3,58.5,1
,5,5152B,3M,Forward 2 1/2 Somersault 1 Twist Pike,18.75,3,56.25,1
,6,5235D,3M,Back 1 1/2 Somersault 2 1/2 Twist Free,21.75,2.8,60.9,1
,Totals,,,,111.75,17.3,323.1,
,Dive,Number,Height,Description,Net,DD,Score,Round
,,,,,Score,,,Place
,1,403B,1M,Inward 1 1/2 Somersault Pike,21.75,2.4,52.2,1
,2,105B,1M,Forward 2 1/2 Somersault Pike,19.5,2.6,50.7,2
,3,303B,1M,Reverse 1 1/2 Somersault Pike,22.5,2.4,54,1
,4,5333D,1M,Reverse 1 1/2 Somersault 1 1/2 Twist Free,15.75,2.6,40.95,5
,5,203B,1M,Back 1 1/2 Somersault Pike,21.75,2.3,50.03,2
,6,5233D,1M,Back 1 1/2 Somersault 1 1/2 Twist Free,19.5,2.5,48.75,2
,Totals,,,,120.75,14.8,296.63,
,Dive,Number,Height,Description,Net,DD,Score,Round
,,,,,Score,,,Place
,1,405C,3M,Inward 2 1/2 Somersault Tuck,20.25,2.7,54.68,2
,2,107C,3M,Forward 3 1/2 Somersault Tuck,18.75,2.8,52.5,2
,3,205B,3M,Back 2 1/2 Somersault Pike,13.5,3,40.5,2
,4,305B,3M,Reverse 2 1/2 Somersault Pike,18,3,54,2
,5,5152B,3M,Forward 2 1/2 Somersault 1 Twist Pike,19.5,3,58.5,1
,6,5235D,3M,Back 1 1/2 Somersault 2 1/2 Twist Free,21,2.8,58.8,1
,Totals,,,,111,17.3,318.98,
,Dive,Number,Height,Description,Net,DD,Score,Round
,,,,,Score,,,Place
,1,403B,1M,Inward 1 1/2 Somersault Pike,21.75,2.4,52.2,1
,2,105B,1M,Forward 2 1/2 Somersault Pike,19.5,2.6,50.7,1
,3,303B,1M,Reverse 1 1/2 Somersault Pike,23.25,2.4,55.8,1
,4,5333D,1M,Reverse 1 1/2 Somersault 1 1/2 Twist Free,17.25,2.6,44.85,1
,5,203B,1M,Back 1 1/2 Somersault Pike,21,2.3,48.3,3
,6,5233D,1M,Back 1 1/2 Somersault 1 1/2 Twist Free,21,2.5,52.5,1
,Totals,,,,123.75,14.8,304.35,
,Dive,Number,Height,Description,Net,DD,Score,Round
,,,,,Score,,,Place
,1,405C,3M,Inward 2 1/2 Somersault Tuck,24,2.7,64.8,1
,2,107C,3M,Forward 3 1/2 Somersault Tuck,24.75,2.8,69.3,1
,3,205B,3M,Back 2 1/2 Somersault Pike,21.75,3,65.25,1
,4,305B,3M,Reverse 2 1/2 Somersault Pike,10.5,3,31.5,2
,5,5152B,3M,Forward 2 1/2 Somersault 1 Twist Pike,18.75,3,56.25,1
,6,5235D,3M,Back 1 1/2 Somersault 2 1/2 Twist Free,19.5,2.8,54.6,3
,Totals,,,,119.25,17.3,341.7,
,Dive,Number,Height,Description,Net,DD,Score,Round
,,,,,Score,,,Place
,1,403B,1M,Inward 1 1/2 Somersault Pike,22,2.4,52.8,2
,2,105B,1M,Forward 2 1/2 Somersault Pike,22,2.6,57.2,1
,3,303B,1M,Reverse 1 1/2 Somersault Pike,21,2.4,50.4,3
,4,5333D,1M,Reverse 1 1/2 Somersault 1 1/2 Twist Free,15,2.6,39,22
,5,203B,1M,Back 1 1/2 Somersault Pike,19.5,2.3,44.85,13
,6,5233D,1M,Back 1 1/2 Somersault 1 1/2 Twist Free,16.5,2.5,41.25,15
,Totals,,,,116,14.8,285.5,
,Dive,Number,Height,Description,Net,DD,Score,Round
,,,,,Score,,,Place
,0,,0M,Carry Over from Previous Round,0,0,285.5,0
,1,403B,1M,Inward 1 1/2 Somersault Pike,22,2.4,52.8,1
,2,105B,1M,Forward 2 1/2 Somersault Pike,19,2.6,49.4,3
,3,303B,1M,Reverse 1 1/2 Somersault Pike,21.5,2.4,51.6,2
,4,5333D,1M,Reverse 1 1/2 Somersault 1 1/2 Twist Free,16,2.6,41.6,12
,5,203B,1M,Back 1 1/2 Somersault Pike,21.5,2.3,49.45,6
,6,5233D,1M,Back 1 1/2 Somersault 1 1/2 Twist Free,21.5,2.5,53.75,3
,Totals,,,,121.5,14.8,584.1,
,Dive,Number,Height,Description,Net,DD,Score,Round
,,,,,Score,,,Place
,1,405C,3M,Inward 2 1/2 Somersault Tuck,20,2.7,54,3
,2,107C,3M,Forward 3 1/2 Somersault Tuck,11.5,2.8,32.2,35
,3,205B,3M,Back 2 1/2 Somersault Pike,18,3,54,6
,4,305B,3M,Reverse 2 1/2 Somersault Pike,11,3,33,31
,5,5152B,3M,Forward 2 1/2 Somersault 1 Twist Pike,21.5,3,64.5,1
,6,5235D,3M,Back 1 1/2 Somersault 2 1/2 Twist Free,21,2.8,58.8,3
,Totals,,,,103,17.3,296.5,
,Dive,Number,Height,Description,Net,DD,Score,Round
,,,,,Score,,,Place
,0,,0M,Carry Over from Previous Round,0,0,296.5,0
,1,405C,3M,Inward 2 1/2 Somersault Tuck,21,2.7,56.7,2
,2,107C,3M,Forward 3 1/2 Somersault Tuck,21,2.8,58.8,1
,3,205B,3M,Back 2 1/2 Somersault Pike,22.5,3,67.5,1
,4,305B,3M,Reverse 2 1/2 Somersault Pike,21.5,3,64.5,2
,5,5152B,3M,Forward 2 1/2 Somersault 1 Twist Pike,20.5,3,61.5,1
,6,5235D,3M,Back 1 1/2 Somersault 2 1/2 Twist Free,18.5,2.8,51.8,6
,Totals,,,,125,17.3,657.3,
,Dive,Number,Height,Description,Net,DD,Score,Round
,,,,,Score,,,Place
,1,405C,3M,Inward 2 1/2 Somersault Tuck,13.5,2.7,36.45,30
,2,107C,3M,Forward 3 1/2 Somersault Tuck,17.5,2.8,49,15
,3,205B,3M,Back 2 1/2 Somersault Pike,12,3,36,29
,4,305B,3M,Reverse 2 1/2 Somersault Pike,3,3,9,34
,5,5152B,3M,Forward 2 1/2 Somersault 1 Twist Pike,21,3,63,7
,Totals,,67,14.5,193.45,,,
,Dive,Number,Height,Description,Net,DD,Score,Round
,,,,,Score,,,Place
,1,401B,3M,Inward Dive Pike,42,2,50.4,1
,,401B,3M,Inward Dive Pike,,,,
,2,103B,3M,Forward 1 1/2 Somersault Pike,37.5,2,45,4
,,103B,3M,Forward 1 1/2 Somersault Pike,,,,
,3,205B,3M,Back 2 1/2 Somersault Pike,31.5,3,56.7,6
,,205B,3M,Back 2 1/2 Somersault Pike,,,,
,4,305B,3M,Reverse 2 1/2 Somersault Pike,39,3,70.2,2
,,305B,3M,Reverse 2 1/2 Somersault Pike,,,,
,5,5152B,3M,Forward 2 1/2 Somersault 1 Twist Pike,38,3,68.4,1
,,5152B,3M,Forward 2 1/2 Somersault 1 Twist Pike,,,,
,Totals,,,,188,13,290.7,
,Dive,Number,Height,Description,Net,DD,Score,Round
,,,,,Score,,,Place
,0,,0M,Carry Over from Previous Round,0,0,290.7,0
,,,0M,Carry Over from Previous Round,,,,
,1,401B,3M,Inward Dive Pike,43,2,51.6,2
,,401B,3M,Inward Dive Pike,,,,
,2,103B,3M,Forward 1 1/2 Somersault Pike,39.5,2,47.4,2
,,103B,3M,Forward 1 1/2 Somersault Pike,,,,
,3,205B,3M,Back 2 1/2 Somersault Pike,32.5,3,58.5,6
,,205B,3M,Back 2 1/2 Somersault Pike,,,,
,4,305B,3M,Reverse 2 1/2 Somersault Pike,35,3,63,4
,,305B,3M,Reverse 2 1/2 Somersault Pike,,,,
,5,5152B,3M,Forward 2 1/2 Somersault 1 Twist Pike,39,3,70.2,2
,,5152B,3M,Forward 2 1/2 Somersault 1 Twist Pike,,,,
,Totals,,,,189,13,581.4,
,Dive,Number,Height,Description,Net,DD,Score,Round
,,,,,Score,,,Place
,1,403B,1M,Inward 1 1/2 Somersault Pike,21,2.4,50.4,4
,2,105B,1M,Forward 2 1/2 Somersault Pike,14.5,2.6,37.7,12
,3,203B,1M,Back 1 1/2 Somersault Pike,18,2.3,41.4,11
,4,303B,1M,Reverse 1 1/2 Somersault Pike,17,2.4,40.8,10
,5,5233D,1M,Back 1 1/2 Somersault 1 1/2 Twist Free,18,2.5,45,7
,6,5132D,1M,Forward 1 1/2 Somersault 1 Twist Free,19.5,2.2,42.9,7
,Totals,,,,108,14.4,258.2,
,Dive,Number,Height,Description,Net,DD,Score,Round
,,,,,Score,,,Place
,1,403B,1M,Inward 1 1/2 Somersault Pike,22,2.4,52.8,3
,2,105B,1M,Forward 2 1/2 Somersault Pike,22,2.6,57.2,3
,3,203B,1M,Back 1 1/2 Somersault Pike,23,2.3,52.9,3
,4,303B,1M,Reverse 1 1/2 Somersault Pike,20.5,2.4,49.2,4
,5,5333D,1M,Reverse 1 1/2 Somersault 1 1/2 Twist Free,15.5,2.6,40.3,7
,6,5233D,1M,Back 1 1/2 Somersault 1 1/2 Twist Free,18,2.5,45,6
,Totals,,,,121,14.8,297.4,
,Dive,Number,Height,Description,Net,DD,Score,Round
,,,,,Score,,,Place
,1,405C,3M,Inward 2 1/2 Somersault Tuck,22,2.7,59.4,3
,2,107C,3M,Forward 3 1/2 Somersault Tuck,11.5,2.8,32.2,15
,3,205B,3M,Back 2 1/2 Somersault Pike,23.5,3,70.5,2
,4,305B,3M,Reverse 2 1/2 Somersault Pike,13.5,3,40.5,10
,5,5152B,3M,Forward 2 1/2 Somersault 1 Twist Pike,16.5,3,49.5,6
,6,5235D,3M,Back 1 1/2 Somersault 2 1/2 Twist Free,19.5,2.8,54.6,4
,Totals,,,,106.5,17.3,306.7,
,Dive,Number,Height,Description,Net,DD,Score,Round
,,,,,Score,,,Place
,1,405C,3M,Inward 2 1/2 Somersault Tuck,18,2.7,48.6,4
,2,107C,3M,Forward 3 1/2 Somersault Tuck,18,2.8,50.4,6
,3,205B,3M,Back 2 1/2 Somersault Pike,16,3,48,6
,4,305B,3M,Reverse 2 1/2 Somersault Pike,11.5,3,34.5,7
,5,5152B,3M,Forward 2 1/2 Somersault 1 Twist Pike,22.5,3,67.5,1
,6,5235D,3M,Back 1 1/2 Somersault 2 1/2 Twist Free,20.5,2.8,57.4,2
,Totals,,,,106.5,17.3,306.4,
,Dive,Number,Height,Description,Net,DD,Score,Round
,,,,,Score,,,Place
,1,405C,3M,Inward 2 1/2 Somersault Tuck,20,2.7,54,14
,2,107C,3M,Forward 3 1/2 Somersault Tuck,22.5,2.8,63,5
,3,205B,3M,Back 2 1/2 Somersault Pike,18.5,3,55.5,8
,4,305B,3M,Reverse 2 1/2 Somersault Pike,20.5,3,61.5,6
,5,5152B,3M,Forward 2 1/2 Somersault 1 Twist Pike,20,3,60,5
,Totals,,,,101.5,14.5,294,
,Dive,Number,Height,Description,Net,DD,Score,Round
,,,,,Score,,,Place
,1,405C,3M,Inward 2 1/2 Somersault Tuck,21,2.7,56.7,11
,2,107C,3M,Forward 3 1/2 Somersault Tuck,13.5,2.8,37.8,18
,3,205B,3M,Back 2 1/2 Somersault Pike,15,3,45,17
,4,305B,3M,Reverse 2 1/2 Somersault Pike,16,3,48,11
,5,5152B,3M,Forward 2 1/2 Somersault 1 Twist Pike,19.5,3,58.5,8
,Totals,,,,85,14.5,246,
,Dive,Number,Height,Description,Net,DD,Score,Round
,,,,,Score,,,Place
,1,201B,3M,Back Dive Pike,36.5,2,43.8,3
,,201B,3M,Back Dive Pike,,,,
,2,301B,3M,Reverse Dive Pike,34.5,2,41.4,3
,,301B,3M,Reverse Dive Pike,,,,
,3,405C,3M,Inward 2 1/2 Somersault Tuck,30.5,2.7,49.41,5
,,405C,3M,Inward 2 1/2 Somersault Tuck,,,,
,4,107C,3M,Forward 3 1/2 Somersault Tuck,31,2.8,52.08,5
,,107C,3M,Forward 3 1/2 Somersault Tuck,,,,
,5,5152B,3M,Forward 2 1/2 Somersault 1 Twist Pike,30.5,3,54.9,4
,,5152B,3M,Forward 2 1/2 Somersault 1 Twist Pike,,,,
,Totals,,,,163,12.5,241.59,
,Dive,Number,Height,Description,Net,DD,Score,Round
,,,,,Score,,,Place
,1,201B,3M,Back Dive Pike,38.5,2,46.2,3
,,201B,3M,Back Dive Pike,,,,
,2,301B,3M,Reverse Dive Pike,38,2,45.6,3
,,301B,3M,Reverse Dive Pike,,,,
,3,405C,3M,Inward 2 1/2 Somersault Tuck,37.5,2.7,60.75,4
,,405C,3M,Inward 2 1/2 Somersault Tuck,,,,
,4,107C,3M,Forward 3 1/2 Somersault Tuck,35.5,2.8,59.64,5
,,107C,3M,Forward 3 1/2 Somersault Tuck,,,,
,5,5152B,3M,Forward 2 1/2 Somersault 1 Twist Pike,32,3,57.6,4
,,5152B,3M,Forward 2 1/2 Somersault 1 Twist Pike,,,,
,Totals,,,,181.5,12.5,269.79,
,Dive,Number,Height,Description,Net,DD,Score,Round
,,,,,Score,,,Place
,1,403B,1M,Inward 1 1/2 Somersault Pike,20,2.4,48,21
,2,105B,1M,Forward 2 1/2 Somersault Pike,20,2.6,52,7
,3,303B,1M,Reverse 1 1/2 Somersault Pike,21,2.4,50.4,9
,4,5333D,1M,Reverse 1 1/2 Somersault 1 1/2 Twist Free,17,2.6,44.2,29
,5,203B,1M,Back 1 1/2 Somersault Pike,21.5,2.3,49.45,12
,6,5233D,1M,Back 1 1/2 Somersault 1 1/2 Twist Free,21,2.5,52.5,12
,Totals,,,,120.5,14.8,296.55,
,Dive,Number,Height,Description,Net,DD,Score,Round
,,,,,Score,,,Place
,0,,0M,Carry Over from Previous Round,0,0,0,0
,1,403B,1M,Inward 1 1/2 Somersault Pike,21,2.4,50.4,6
,2,105B,1M,Forward 2 1/2 Somersault Pike,22,2.6,57.2,1
,3,303B,1M,Reverse 1 1/2 Somersault Pike,14.5,2.4,34.8,8
,4,5333D,1M,Reverse 1 1/2 Somersault 1 1/2 Twist Free,21,2.6,54.6,2
,5,203B,1M,Back 1 1/2 Somersault Pike,21,2.3,48.3,5
,6,5233D,1M,Back 1 1/2 Somersault 1 1/2 Twist Free,21,2.5,52.5,4
,Totals,,,,120.5,14.8,297.8,
,Dive,Number,Height,Description,Net,DD,Score,Round
,,,,,Score,,,Place
,1,405C,3M,Inward 2 1/2 Somersault Tuck,18,2.7,48.6,27
,2,107C,3M,Forward 3 1/2 Somersault Tuck,19.5,2.8,54.6,15
,3,205B,3M,Back 2 1/2 Somersault Pike,17.5,3,52.5,21
,4,305B,3M,Reverse 2 1/2 Somersault Pike,18,3,54,15
,5,5152B,3M,Forward 2 1/2 Somersault 1 Twist Pike,18,3,54,13
,6,5235D,3M,Back 1 1/2 Somersault 2 1/2 Twist Free,23,2.8,64.4,8
,Totals,,,,114,17.3,328.1,
,Dive,Number,Height,Description,Net,DD,Score,Round
,,,,,Score,,,Place
,0,,0M,Carry Over from Previous Round,0,0,0,0
,1,405C,3M,Inward 2 1/2 Somersault Tuck,22,2.7,59.4,2
,2,107C,3M,Forward 3 1/2 Somersault Tuck,20,2.8,56,2
,3,205B,3M,Back 2 1/2 Somersault Pike,15,3,45,7
,4,305B,3M,Reverse 2 1/2 Somersault Pike,12,3,36,8
,5,5152B,3M,Forward 2 1/2 Somersault 1 Twist Pike,20,3,60,4
,6,5235D,3M,Back 1 1/2 Somersault 2 1/2 Twist Free,21.5,2.8,60.2,2
,Totals,,,,110.5,17.3,316.6,
,Dive,Number,Height,Description,Net,DD,Score,Round
,,,,,Score,,,Place
,1,105B,5M,Forward 2 1/2 Somersault Pike,21,2.6,54.6,16
,2,405C,7.5M,Inward 2 1/2 Somersault Tuck,20.5,2.7,55.35,15
,3,205B,7.5M,Back 2 1/2 Somersault Pike,11.5,3,34.5,39
,4,303C,5M,Reverse 1 1/2 Somersault Tuck,18,2.1,37.8,35
,5,5233D,5M,Back 1 1/2 Somersault 1 1/2 Twist Free,21,2.5,52.5,19
,Totals,,,,92,12.9,234.75,
,Dive,Number,Height,Description,Net,DD,Score,Round
,,,,,Score,,,Place
,1,403B,1M,Inward 1 1/2 Somersault Pike,22,2.4,52.8,3
,2,105B,1M,Forward 2 1/2 Somersault Pike,13.5,2.6,35.1,46
,3,303B,1M,Reverse 1 1/2 Somersault Pike,21,2.4,50.4,4
,4,5333D,1M,Reverse 1 1/2 Somersault 1 1/2 Twist Free,23,2.6,59.8,1
,5,203B,1M,Back 1 1/2 Somersault Pike,21,2.3,48.3,9
,6,5233D,1M,Back 1 1/2 Somersault 1 1/2 Twist Free,18.5,2.5,46.25,12
,Totals,,,,119,14.8,292.65,
,Dive,Number,Height,Description,Net,DD,Score,Round
,,,,,Score,,,Place
,0,,0M,Carry Over from Previous Round,0,0,292.65,0
,1,403B,1M,Inward 1 1/2 Somersault Pike,20,2.4,48,7
,2,105B,1M,Forward 2 1/2 Somersault Pike,16.5,2.6,42.9,14
,3,303B,1M,Reverse 1 1/2 Somersault Pike,18,2.4,43.2,15
,4,5333D,1M,Reverse 1 1/2 Somersault 1 1/2 Twist Free,21,2.6,54.6,2
,5,203B,1M,Back 1 1/2 Somersault Pike,15,2.3,34.5,17
,6,5233D,1M,Back 1 1/2 Somersault 1 1/2 Twist Free,19.5,2.5,48.75,11
,Totals,,,,110,14.8,564.6,
,Dive,Number,Height,Description,Net,DD,Score,Round
,,,,,Score,,,Place
,1,405C,3M,Inward 2 1/2 Somersault Tuck,19.5,2.7,52.65,3
,2,107C,3M,Forward 3 1/2 Somersault Tuck,20.5,2.8,57.4,2
,3,205B,3M,Back 2 1/2 Somersault Pike,16.5,3,49.5,13
,4,305B,3M,Reverse 2 1/2 Somersault Pike,16,3,48,14
,5,5152B,3M,Forward 2 1/2 Somersault 1 Twist Pike,18.5,3,55.5,4
,6,5235D,3M,Back 1 1/2 Somersault 2 1/2 Twist Free,21.5,2.8,60.2,4
,Totals,,,,112.5,17.3,323.25,
,Dive,Number,Height,Description,Net,DD,Score,Round
,,,,,Score,,,Place
,0,,0M,Carry Over from Previous Round,0,0,323.25,0
,1,405C,3M,Inward 2 1/2 Somersault Tuck,18,2.7,48.6,8
,2,107C,3M,Forward 3 1/2 Somersault Tuck,20,2.8,56,5
,3,205B,3M,Back 2 1/2 Somersault Pike,17.5,3,52.5,7
,4,305B,3M,Reverse 2 1/2 Somersault Pike,18,3,54,6
,5,5152B,3M,Forward 2 1/2 Somersault 1 Twist Pike,19,3,57,4
,6,5235D,3M,Back 1 1/2 Somersault 2 1/2 Twist Free,21.5,2.8,60.2,2
,Totals,,,,114,17.3,651.55,
,Dive,Number,Height,Description,Net,DD,Score,Round
,,,,,Score,,,Place
,1,105B,5M,Forward 2 1/2 Somersault Pike,21,2.6,54.6,4
,2,405C,7.5M,Inward 2 1/2 Somersault Tuck,20.5,2.7,55.35,5
,3,205B,7.5M,Back 2 1/2 Somersault Pike,23.5,3,70.5,1
,4,303C,5M,Reverse 1 1/2 Somersault Tuck,18,2.1,37.8,19
,5,5233D,5M,Back 1 1/2 Somersault 1 1/2 Twist Free,21,2.5,52.5,8
,Totals,,,,104,12.9,270.75,
,Dive,Number,Height,Description,Net,DD,Score,Round
,,,,,Score,,,Place
,0,,0M,Carry Over from Previous Round,0,0,270.75,0
,1,105B,5M,Forward 2 1/2 Somersault Pike,21,2.6,54.6,5
,2,405C,7.5M,Inward 2 1/2 Somersault Tuck,19.5,2.7,52.65,8
,3,205B,7.5M,Back 2 1/2 Somersault Pike,20,3,60,2
,4,303C,5M,Reverse 1 1/2 Somersault Tuck,19.5,2.1,40.95,12
,5,5233D,5M,Back 1 1/2 Somersault 1 1/2 Twist Free,17.5,2.5,43.75,13
,Totals,,,,97.5,12.9,522.7,
,Dive,Number,Height,Description,Net,DD,Score,Round
,,,,,Score,,,Place
,1,403B,1M,Inward 1 1/2 Somersault Pike,21,2.4,50.4,3
,2,105B,1M,Forward 2 1/2 Somersault Pike,18,2.6,46.8,8
,3,303B,1M,Reverse 1 1/2 Somersault Pike,22.5,2.4,54,2
,4,5333D,1M,Reverse 1 1/2 Somersault 1 1/2 Twist Free,22.5,2.6,58.5,1
,5,203B,1M,Back 1 1/2 Somersault Pike,22.5,2.3,51.75,3
,6,5233D,1M,Back 1 1/2 Somersault 1 1/2 Twist Free,19.5,2.5,48.75,3
,Totals,,,,126,14.8,310.2,
,Dive,Number,Height,Description,Net,DD,Score,Round
,,,,,Score,,,Place
,1,403B,1M,Inward 1 1/2 Somersault Pike,22,2.4,52.8,3
,2,105B,1M,Forward 2 1/2 Somersault Pike,22,2.6,57.2,1
,3,303B,1M,Reverse 1 1/2 Somersault Pike,22,2.4,52.8,4
,4,5333D,1M,Reverse 1 1/2 Somersault 1 1/2 Twist Free,20,2.6,52,3
,5,203B,1M,Back 1 1/2 Somersault Pike,21,2.3,48.3,5
,6,5233D,1M,Back 1 1/2 Somersault 1 1/2 Twist Free,20,2.5,50,6
,Totals,,,,127,14.8,313.1,
,Dive,Number,Height,Description,Net,DD,Score,Round
,,,,,Score,,,Place
,1,405C,3M,Inward 2 1/2 Somersault Tuck,17,2.7,45.9,12
,2,107C,3M,Forward 3 1/2 Somersault Tuck,18.5,2.8,51.8,4
,3,205B,3M,Back 2 1/2 Somersault Pike,17,3,51,5
,4,305B,3M,Reverse 2 1/2 Somersault Pike,16.5,3,49.5,6
,5,5152B,3M,Forward 2 1/2 Somersault 1 Twist Pike,12.5,3,37.5,14
,6,5235D,3M,Back 1 1/2 Somersault 2 1/2 Twist Free,21,2.8,58.8,3
,Totals,,,,102.5,17.3,294.5,
,Dive,Number,Height,Description,Net,DD,Score,Round
,,,,,Score,,,Place
,1,405C,3M,Inward 2 1/2 Somersault Tuck,22.5,2.7,60.75,2
,2,107C,3M,Forward 3 1/2 Somersault Tuck,18.5,2.8,51.8,5
,3,205B,3M,Back 2 1/2 Somersault Pike,20.5,3,61.5,2
,4,305B,3M,Reverse 2 1/2 Somersault Pike,22.5,3,67.5,1
,5,5152B,3M,Forward 2 1/2 Somersault 1 Twist Pike,20.5,3,61.5,2
,6,5235D,3M,Back 1 1/2 Somersault 2 1/2 Twist Free,15.5,2.8,43.4,7
,Totals,,,,120,17.3,346.45,
,Dive,Number,Height,Description,Net,DD,Score,Round
,,,,,Score,,,Place
,1,105B,5M,Forward 2 1/2 Somersault Pike,21,2.6,54.6,2
,2,405C,7.5M,Inward 2 1/2 Somersault Tuck,21,2.7,56.7,3
,3,205B,7.5M,Back 2 1/2 Somersault Pike,7.5,3,22.5,22
,4,303C,5M,Reverse 1 1/2 Somersault Tuck,22.5,2.1,47.25,4
,5,5233D,5M,Back 1 1/2 Somersault 1 1/2 Twist Free,21,2.5,52.5,5
,Totals,,,,93,12.9,233.55,
,Dive,Number,Height,Description,Net,DD,Score,Round
,,,,,Score,,,Place
,1,105B,5M,Forward 2 1/2 Somersault Pike,13,2.6,33.8,8
,2,405C,7.5M,Inward 2 1/2 Somersault Tuck,21,2.7,56.7,5
,3,205B,7.5M,Back 2 1/2 Somersault Pike,16,3,48,4
,4,303C,5M,Reverse 1 1/2 Somersault Tuck,12,2.1,25.2,8
,5,5233D,5M,Back 1 1/2 Somersault 1 1/2 Twist Free,16.5,2.5,41.25,6
,Totals,,,,78.5,12.9,204.95,
,Dive,Number,Height,Description,Net,DD,Score,Round
,,,,,Score,,,Place
,1,403B,1M,Inward 1 1/2 Somersault Pike,22.5,2.4,54,1
,2,105B,1M,Forward 2 1/2 Somersault Pike,21,2.6,54.6,2
,3,303B,1M,Reverse 1 1/2 Somersault Pike,21,2.4,50.4,1
,4,5333D,1M,Reverse 1 1/2 Somersault 1 1/2 Twist Free,21.75,2.6,56.55,1
,5,203B,1M,Back 1 1/2 Somersault Pike,22.5,2.3,51.75,3
,6,5233D,1M,Back 1 1/2 Somersault 1 1/2 Twist Free,22.5,2.5,56.25,1
,Totals,,131.25,14.8,323.55,,,
,Dive,Number,Height,Description,Net,DD,Score,Round
,,,,,Score,,,Place
,1,405C,3M,Inward 2 1/2 Somersault Tuck,16.5,2.7,44.55,6
,2,107C,3M,Forward 3 1/2 Somersault Tuck,15,2.8,42,6
,3,205B,3M,Back 2 1/2 Somersault Pike,21.75,3,65.25,2
,4,305B,3M,Reverse 2 1/2 Somersault Pike,21,3,63,1
,5,5152B,3M,Forward 2 1/2 Somersault 1 Twist Pike,21,3,63,1
,6,5235D,3M,Back 1 1/2 Somersault 2 1/2 Twist Free,22.5,2.8,63,1
,Totals,,,,117.75,17.3,340.8,
,Dive,Number,Height,Description,Net,DD,Score,Round
,,,,,Score,,,Place
,1,403B,1M,Inward 1 1/2 Somersault Pike,21,2.4,50.4,2
,2,105B,1M,Forward 2 1/2 Somersault Pike,15.75,2.6,40.95,7
,3,303B,1M,Reverse 1 1/2 Somersault Pike,13.5,2.4,32.4,6
,4,5333D,1M,Reverse 1 1/2 Somersault 1 1/2 Twist Free,21,2.6,54.6,1
,5,203B,1M,Back 1 1/2 Somersault Pike,21.75,2.3,50.03,3
,6,5233D,1M,Back 1 1/2 Somersault 1 1/2 Twist Free,22.5,2.5,56.25,1
,Totals,,,,115.5,14.8,284.63,
,Dive,Number,Height,Description,Net,DD,Score,Round
,,,,,Score,,,Place
,1,405C,3M,Inward 2 1/2 Somersault Tuck,18.75,2.7,50.63,3
,2,107C,3M,Forward 3 1/2 Somersault Tuck,19.5,2.8,54.6,4
,3,205B,3M,Back 2 1/2 Somersault Pike,21,3,63,1
,4,305B,3M,Reverse 2 1/2 Somersault Pike,14.25,3,42.75,5
,5,5152B,3M,Forward 2 1/2 Somersault 1 Twist Pike,18.75,3,56.25,2
,6,5235D,3M,Back 1 1/2 Somersault 2 1/2 Twist Free,21.75,2.8,60.9,1
,Totals,,,,114,17.3,328.13,
,Dive,Number,Height,Description,Net,DD,Score,Round
,,,,,Score,,,Place
,1,403B,1M,Inward 1 1/2 Somersault Pike,20.25,2.4,48.6,4
,2,105B,1M,Forward 2 1/2 Somersault Pike,21,2.6,54.6,1
,3,303B,1M,Reverse 1 1/2 Somersault Pike,23.25,2.4,55.8,1
,4,5333D,1M,Reverse 1 1/2 Somersault 1 1/2 Twist Free,21,2.6,54.6,2
,5,203B,1M,Back 1 1/2 Somersault Pike,23.25,2.3,53.48,3
,6,5233D,1M,Back 1 1/2 Somersault 1 1/2 Twist Free,18.75,2.5,46.88,3
,Totals,,,,127.5,14.8,313.95,
,Dive,Number,Height,Description,Net,DD,Score,Round
,,,,,Score,,,Place
,1,405C,3M,Inward 2 1/2 Somersault Tuck,21.75,2.7,58.73,1
,2,107C,3M,Forward 3 1/2 Somersault Tuck,14.25,2.8,39.9,7
,3,205B,3M,Back 2 1/2 Somersault Pike,23.25,3,69.75,1
,4,305B,3M,Reverse 2 1/2 Somersault Pike,15.75,3,47.25,4
,5,5152B,3M,Forward 2 1/2 Somersault 1 Twist Pike,12.75,3,38.25,8
,6,5235D,3M,Back 1 1/2 Somersault 2 1/2 Twist Free,21,2.8,58.8,2
,Totals,,,,108.75,17.3,312.68,
,Dive,Number,Height,Description,Net,DD,Score,Round
,,,,,Score,,,Place
,1,403B,1M,Inward 1 1/2 Somersault Pike,21,2.4,50.4,1
,2,105B,1M,Forward 2 1/2 Somersault Pike,0,2.6,0,7
,,,,,Failed Dive,,,
,3,303B,1M,Reverse 1 1/2 Somersault Pike,24,2.4,57.6,1
,4,5333D,1M,Reverse 1 1/2 Somersault 1 1/2 Twist Free,12,2.6,31.2,5
,5,203B,1M,Back 1 1/2 Somersault Pike,19.5,2.3,44.85,5
,6,5233D,1M,Back 1 1/2 Somersault 1 1/2 Twist Free,19.5,2.5,48.75,2
,Totals,,,,96,14.8,232.8,
,Dive,Number,Height,Description,Net,DD,Score,Round
,,,,,Score,,,Place
,1,405C,3M,Inward 2 1/2 Somersault Tuck,21,2.7,56.7,1
,2,107C,3M,Forward 3 1/2 Somersault Tuck,21,2.8,58.8,1
,3,205B,3M,Back 2 1/2 Somersault Pike,23.25,3,69.75,1
,4,305B,3M,Reverse 2 1/2 Somersault Pike,19.5,3,58.5,1
,5,5152B,3M,Forward 2 1/2 Somersault 1 Twist Pike,18.75,3,56.25,3
,6,5235D,3M,Back 1 1/2 Somersault 2 1/2 Twist Free,20.25,2.8,56.7,2
,Totals,,,,123.75,17.3,356.7,
,Dive,Number,Height,Description,Net,DD,Score,Round
,,,,,Score,,,Place
,1,403B,1M,Inward 1 1/2 Somersault Pike,18,2.4,43.2,6
,2,105B,1M,Forward 2 1/2 Somersault Pike,19.5,2.6,50.7,1
,3,303B,1M,Reverse 1 1/2 Somersault Pike,14.25,2.4,34.2,5
,4,5333D,1M,Reverse 1 1/2 Somersault 1 1/2 Twist Free,18.75,2.6,48.75,2
,5,203B,1M,Back 1 1/2 Somersault Pike,21,2.3,48.3,2
,6,5233D,1M,Back 1 1/2 Somersault 1 1/2 Twist Free,21,2.5,52.5,1
,Totals,,,,112.5,14.8,277.65,
,Dive,Number,Height,Description,Net,DD,Score,Round
,,,,,Score,,,Place
,1,405C,3M,Inward 2 1/2 Somersault Tuck,21.75,2.7,58.73,2
,2,107C,3M,Forward 3 1/2 Somersault Tuck,18.75,2.8,52.5,3
,3,205B,3M,Back 2 1/2 Somersault Pike,19.5,3,58.5,2
,4,305B,3M,Reverse 2 1/2 Somersault Pike,8.25,3,24.75,7
,5,5152B,3M,Forward 2 1/2 Somersault 1 Twist Pike,20.25,3,60.75,1
,6,5235D,3M,Back 1 1/2 Somersault 2 1/2 Twist Free,18,2.8,50.4,3
,Totals,,,,106.5,17.3,305.63,
,Dive,Number,Height,Description,Net,DD,Score,Round
,,,,,Score,,,Place
,1,403B,1M,Inward 1 1/2 Somersault Pike,18.5,2.4,44.4,10
,2,105B,1M,Forward 2 1/2 Somersault Pike,21,2.6,54.6,1
,3,303B,1M,Reverse 1 1/2 Somersault Pike,22.5,2.4,54,1
,4,5333D,1M,Reverse 1 1/2 Somersault 1 1/2 Twist Free,19.5,2.6,50.7,3
,5,203B,1M,Back 1 1/2 Somersault Pike,20,2.3,46,9
,6,5233D,1M,Back 1 1/2 Somersault 1 1/2 Twist Free,22.5,2.5,56.25,1
,Totals,,,,124,14.8,305.95,
,Dive,Number,Height,Description,Net,DD,Score,Round
,,,,,Score,,,Place
,0,,0M,Carry Over from Previous Round,0,0,305.95,0
,1,403B,1M,Inward 1 1/2 Somersault Pike,21,2.4,50.4,7
,2,105B,1M,Forward 2 1/2 Somersault Pike,19.5,2.6,50.7,4
,3,303B,1M,Reverse 1 1/2 Somersault Pike,16.5,2.4,39.6,15
,4,5333D,1M,Reverse 1 1/2 Somersault 1 1/2 Twist Free,20.5,2.6,53.3,3
,5,203B,1M,Back 1 1/2 Somersault Pike,23,2.3,52.9,3
,6,5233D,1M,Back 1 1/2 Somersault 1 1/2 Twist Free,20.5,2.5,51.25,3
,Totals,,,,121,14.8,604.1,
,Dive,Number,Height,Description,Net,DD,Score,Round
,,,,,Score,,,Place
,1,405C,3M,Inward 2 1/2 Somersault Tuck,17,2.7,45.9,15
,2,107C,3M,Forward 3 1/2 Somersault Tuck,21.5,2.8,60.2,2
,3,205B,3M,Back 2 1/2 Somersault Pike,20,3,60,3
,4,305B,3M,Reverse 2 1/2 Somersault Pike,13,3,39,32
,5,5152B,3M,Forward 2 1/2 Somersault 1 Twist Pike,20.5,3,61.5,3
,6,5235D,3M,Back 1 1/2 Somersault 2 1/2 Twist Free,19.5,2.8,54.6,5
,Totals,,,,111.5,17.3,321.2,
,Dive,Number,Height,Description,Net,DD,Score,Round
,,,,,Score,,,Place
,0,,0M,Carry Over from Previous Round,0,0,321.2,0
,1,405C,3M,Inward 2 1/2 Somersault Tuck,21,2.7,56.7,2
,2,107C,3M,Forward 3 1/2 Somersault Tuck,17,2.8,47.6,11
,3,205B,3M,Back 2 1/2 Somersault Pike,20,3,60,3
,4,305B,3M,Reverse 2 1/2 Somersault Pike,16,3,48,7
,5,5152B,3M,Forward 2 1/2 Somersault 1 Twist Pike,18,3,54,5
,6,5235D,3M,Back 1 1/2 Somersault 2 1/2 Twist Free,22.5,2.8,63,1
,Totals,,,,114.5,17.3,650.5,
,Dive,Number,Height,Description,Net,DD,Score,Round
,,,,,Score,,,Place
,1,105B,5M,Forward 2 1/2 Somersault Pike,15,2.6,39,21
,2,405C,7.5M,Inward 2 1/2 Somersault Tuck,21,2.7,56.7,2
,3,203B,5M,Back 1 1/2 Somersault Pike,19,2.3,43.7,13
,4,303C,5M,Reverse 1 1/2 Somersault Tuck,12,2.1,25.2,39
,5,5233D,5M,Back 1 1/2 Somersault 1 1/2 Twist Free,23.5,2.5,58.75,3
,Totals,,,,90.5,12.2,223.35,
,Dive,Number,Height,Description,Net,DD,Score,Round
,,,,,Score,,,Place
,0,,0M,Carry Over from Previous Round,0,0,223.35,0
,1,105B,5M,Forward 2 1/2 Somersault Pike,21,2.6,54.6,4
,2,405C,7.5M,Inward 2 1/2 Somersault Tuck,15,2.7,40.5,10
,3,203B,5M,Back 1 1/2 Somersault Pike,21,2.3,48.3,6
,4,303C,5M,Reverse 1 1/2 Somersault Tuck,21.5,2.1,45.15,6
,5,5233D,5M,Back 1 1/2 Somersault 1 1/2 Twist Free,21,2.5,52.5,5
,Totals,,,,99.5,12.2,464.4,
,Dive,Number,Height,Description,Net,DD,Score,Round
,,,,,Score,,,Place
,1,403B,1M,Inward 1 1/2 Somersault Pike,18.5,2.4,44.4,9
,2,105B,1M,Forward 2 1/2 Somersault Pike,16.5,2.6,42.9,12
,3,303B,1M,Reverse 1 1/2 Somersault Pike,22,2.4,52.8,2
,4,5333D,1M,Reverse 1 1/2 Somersault 1 1/2 Twist Free,9.5,2.6,24.7,19
,5,203B,1M,Back 1 1/2 Somersault Pike,18,2.3,41.4,14
,Totals,,,,84.5,12.3,206.2,
,Dive,Number,Height,Description,Net,DD,Score,Round
,,,,,Score,,,Place
,1,405C,3M,Inward 2 1/2 Somersault Tuck,17.5,2.7,47.25,18
,2,107C,3M,Forward 3 1/2 Somersault Tuck,20.5,2.8,57.4,3
,3,205B,3M,Back 2 1/2 Somersault Pike,20,3,60,4
,4,305B,3M,Reverse 2 1/2 Somersault Pike,19.5,3,58.5,4
,5,5152B,3M,Forward 2 1/2 Somersault 1 Twist Pike,13.5,3,40.5,21
,Totals,,,,91,14.5,263.65,
,Dive,Number,Height,Description,Net,DD,Score,Round
,,,,,Score,,,Place
,0,,0M,Carry Over from Previous Round,0,0,263.65,0
,1,405C,3M,Inward 2 1/2 Somersault Tuck,18,2.7,48.6,12
,2,107C,3M,Forward 3 1/2 Somersault Tuck,21.5,2.8,60.2,2
,3,205B,3M,Back 2 1/2 Somersault Pike,16,3,48,6
,4,305B,3M,Reverse 2 1/2 Somersault Pike,12,3,36,12
,5,5152B,3M,Forward 2 1/2 Somersault 1 Twist Pike,15.5,3,46.5,11
,Totals,,83,14.5,502.95,,,
,Dive,Number,Height,Description,Net,DD,Score,Round
,,,,,Score,,,Place
,1,201B,3M,Back Dive Pike,38.5,2,46.2,3
,201B,3M,Back Dive Pike,,,,,
,2,301B,3M,Reverse Dive Pike,31,2,37.2,4
,301B,3M,Reverse Dive Pike,,,,,
,3,405C,3M,Inward 2 1/2 Somersault Tuck,33.5,2.7,54.27,4
,405C,3M,Inward 2 1/2 Somersault Tuck,,,,,
,4,107C,3M,Forward 3 1/2 Somersault Tuck,34.5,2.8,57.96,3
,107C,3M,Forward 3 1/2 Somersault Tuck,,,,,
,5,5152B,3M,Forward 2 1/2 Somersault 1 Twist Pike,31,3,55.8,3
,5152B,3M,Forward 2 1/2 Somersault 1 Twist Pike,,,,,
,Totals,,168.5,12.5,251.43,,,
,Dive,Number,Height,Description,Net,DD,Score,Round
,,,,,Score,,,Place
,0,,0M,Carry Over from Previous Round,0,0,251.43,0
,,,0M,Carry Over from Previous Round,,,,
,1,201B,3M,Back Dive Pike,38,2,45.6,2
,,201B,3M,Back Dive Pike,,,,
,2,301B,3M,Reverse Dive Pike,35,2,42,3
,,301B,3M,Reverse Dive Pike,,,,
,3,405C,3M,Inward 2 1/2 Somersault Tuck,33,2.7,53.46,5
,,405C,3M,Inward 2 1/2 Somersault Tuck,,,,
,4,107C,3M,Forward 3 1/2 Somersault Tuck,33.5,2.8,56.28,3
,,107C,3M,Forward 3 1/2 Somersault Tuck,,,,
,5,5152B,3M,Forward 2 1/2 Somersault 1 Twist Pike,31.5,3,56.7,3
,,5152B,3M,Forward 2 1/2 Somersault 1 Twist Pike,,,,
,Totals,,,,171,12.5,505.47,
,Dive,Number,Height,Description,Net,DD,Score,Round
,,,,,Score,,,Place
,1,105B,1M,Forward 2 1/2 Somersault Pike,20,2.6,52,1
,2,403B,1M,Inward 1 1/2 Somersault Pike,20.5,2.4,49.2,7
,3,303B,1M,Reverse 1 1/2 Somersault Pike,20.5,2.4,49.2,6
,4,5333D,1M,Reverse 1 1/2 Somersault 1 1/2 Twist Free,21,2.6,54.6,2
,5,203B,1M,Back 1 1/2 Somersault Pike,22,2.3,50.6,1
,6,5233D,1M,Back 1 1/2 Somersault 1 1/2 Twist Free,21,2.5,52.5,3
,Totals,,,,125,14.8,308.1,
,Dive,Number,Height,Description,Net,DD,Score,Round
,,,,,Score,,,Place
,1,105B,1M,Forward 2 1/2 Somersault Pike,16.5,2.6,42.9,7
,2,403B,1M,Inward 1 1/2 Somersault Pike,20,2.4,48,3
,3,303B,1M,Reverse 1 1/2 Somersault Pike,22,2.4,52.8,1
,4,5333D,1M,Reverse 1 1/2 Somersault 1 1/2 Twist Free,20.5,2.6,53.3,1
,5,203B,1M,Back 1 1/2 Somersault Pike,17.5,2.3,40.25,6
,6,5233D,1M,Back 1 1/2 Somersault 1 1/2 Twist Free,19.5,2.5,48.75,3
,Totals,,,,116,14.8,286,
,Dive,Number,Height,Description,Net,DD,Score,Round
,,,,,Score,,,Place
,1,405C,3M,Inward 2 1/2 Somersault Tuck,19.5,2.7,52.65,4
,2,107C,3M,Forward 3 1/2 Somersault Tuck,14.5,2.8,40.6,14
,3,205B,3M,Back 2 1/2 Somersault Pike,19,3,57,2
,4,305B,3M,Reverse 2 1/2 Somersault Pike,10.5,3,31.5,27
,5,5152B,3M,Forward 2 1/2 Somersault 1 Twist Pike,18.5,3,55.5,3
,6,5235D,3M,Back 1 1/2 Somersault 2 1/2 Twist Free,16.5,2.8,46.2,10
,Totals,,,,98.5,17.3,283.45,
,Dive,Number,Height,Description,Net,DD,Score,Round
,,,,,Score,,,Place
,1,405C,3M,Inward 2 1/2 Somersault Tuck,18,2.7,48.6,4
,2,107C,3M,Forward 3 1/2 Somersault Tuck,15.5,2.8,43.4,6
,3,205B,3M,Back 2 1/2 Somersault Pike,13,3,39,8
,4,305B,3M,Reverse 2 1/2 Somersault Pike,15,3,45,6
,5,5152B,3M,Forward 2 1/2 Somersault 1 Twist Pike,16,3,48,7
,6,5235D,3M,Back 1 1/2 Somersault 2 1/2 Twist Free,20,2.8,56,3
,Totals,,,,97.5,17.3,280,
,Dive,Number,Height,Description,Net,DD,Score,Round
,,,,,Score,,,Place
,1,105B,1M,Forward 2 1/2 Somersault Pike,15,2.6,39,6
,2,203B,1M,Back 1 1/2 Somersault Pike,14.25,2.3,32.78,6
,3,303B,1M,Reverse 1 1/2 Somersault Pike,21.75,2.4,52.2,2
,4,5333D,1M,Reverse 1 1/2 Somersault 1 1/2 Twist Free,21,2.6,54.6,1
,5,403B,1M,Inward 1 1/2 Somersault Pike,20.25,2.4,48.6,2
,6,5233D,1M,Back 1 1/2 Somersault 1 1/2 Twist Free,18.75,2.5,46.88,4
,Totals,,,,111,14.8,274.05,
,Dive,Number,Height,Description,Net,DD,Score,Round
,,,,,Score,,,Place
,1,405C,3M,Inward 2 1/2 Somersault Tuck,18,2.7,48.6,1
,2,107C,3M,Forward 3 1/2 Somersault Tuck,17.25,2.8,48.3,4
,3,205B,3M,Back 2 1/2 Somersault Pike,19.5,3,58.5,2
,4,301B,3M,Reverse Dive Pike,16.5,1.9,31.35,6
,5,5152B,3M,Forward 2 1/2 Somersault 1 Twist Pike,16.5,3,49.5,2
,6,5235D,3M,Back 1 1/2 Somersault 2 1/2 Twist Free,22.5,2.8,63,1
,Totals,,,,110.25,16.2,299.25,
,Dive,Number,Height,Description,Net,DD,Score,Round
,,,,,Score,,,Place
,1,101B,3M,Forward Dive Pike,37,2,44.4,3
,,101B,3M,Forward Dive Pike,,,,
,2,301B,3M,Reverse Dive Pike,34,2,40.8,4
,,301B,3M,Reverse Dive Pike,,,,
,3,405C,3M,Inward 2 1/2 Somersault Tuck,32.5,2.7,52.65,4
,,405C,3M,Inward 2 1/2 Somersault Tuck,,,,
,4,205B,3M,Back 2 1/2 Somersault Pike,30,3,54,3
,,205B,3M,Back 2 1/2 Somersault Pike,,,,
,5,5152B,3M,Forward 2 1/2 Somersault 1 Twist Pike,33.5,3,60.3,4
,,5152B,3M,Forward 2 1/2 Somersault 1 Twist Pike,,,,
,Totals,,,,167,12.7,252.15,
,Dive,Number,Height,Description,Net,DD,Score,Round
,,,,,Score,,,Place
,1,101B,3M,Forward Dive Pike,36.5,2,43.8,5
,,101B,3M,Forward Dive Pike,,,,
,2,301B,3M,Reverse Dive Pike,28,2,33.6,6
,,301B,3M,Reverse Dive Pike,,,,
,3,405C,3M,Inward 2 1/2 Somersault Tuck,34,2.7,55.08,5
,,405C,3M,Inward 2 1/2 Somersault Tuck,,,,
,4,205B,3M,Back 2 1/2 Somersault Pike,25.5,3,45.9,6
,,205B,3M,Back 2 1/2 Somersault Pike,,,,
,5,5152B,3M,Forward 2 1/2 Somersault 1 Twist Pike,31.5,3,56.7,3
,,5152B,3M,Forward 2 1/2 Somersault 1 Twist Pike,,,,
,Totals,,,,155.5,12.7,235.08,
,Dive,Number,Height,Description,Net,DD,Score,Round
,,,,,Score,,,Place
,1,405C,3M,Inward 2 1/2 Somersault Tuck,17,2.7,45.9,20
,2,107B,3M,Forward 3 1/2 Somersault Pike,12,3.1,37.2,26
,3,205B,3M,Back 2 1/2 Somersault Pike,10.5,3,31.5,37
,4,305B,3M,Reverse 2 1/2 Somersault Pike,15,3,45,17
,5,5152B,3M,Forward 2 1/2 Somersault 1 Twist Pike,18,3,54,6
,Totals,,,,72.5,14.8,213.6,
,Dive,Number,Height,Description,Net,DD,Score,Round
,,,,,Score,,,Place
,1,105B,1M,Forward 2 1/2 Somersault Pike,19,2.6,49.4,4
,2,203B,1M,Back 1 1/2 Somersault Pike,20,2.3,46,7
,3,303B,1M,Reverse 1 1/2 Somersault Pike,16.5,2.4,39.6,13
,4,5333D,1M,Reverse 1 1/2 Somersault 1 1/2 Twist Free,18,2.6,46.8,6
,5,403B,1M,Inward 1 1/2 Somersault Pike,17.5,2.4,42,15
,Totals,,91,12.3,223.8,,,
,Dive,Number,Height,Description,Net,DD,Score,Round
,,,,,Score,,,Place
,0,,0M,Carry Over from Previous Round,0,0,223.8,0
,1,105B,1M,Forward 2 1/2 Somersault Pike,17,2.6,44.2,5
,2,203B,1M,Back 1 1/2 Somersault Pike,22,2.3,50.6,2
,3,303B,1M,Reverse 1 1/2 Somersault Pike,16.5,2.4,39.6,7
,4,5333D,1M,Reverse 1 1/2 Somersault 1 1/2 Twist Free,17,2.6,44.2,3
,5,403B,1M,Inward 1 1/2 Somersault Pike,19,2.4,45.6,6
,Totals,,,,91.5,12.3,448,
,Dive,Number,Height,Description,Net,DD,Score,Round
,,,,,Score,,,Place
,1,405C,3M,Inward 2 1/2 Somersault Tuck,19.5,2.7,52.65,9
,2,107C,3M,Forward 3 1/2 Somersault Tuck,19.5,2.8,54.6,6
,3,205B,3M,Back 2 1/2 Somersault Pike,15,3,45,9
,4,305B,3M,Reverse 2 1/2 Somersault Pike,21.5,3,64.5,1
,5,5152B,3M,Forward 2 1/2 Somersault 1 Twist Pike,17.5,3,52.5,10
,Totals,,,,93,14.5,269.25,
,Dive,Number,Height,Description,Net,DD,Score,Round
,,,,,Score,,,Place
,0,,0M,Carry Over from Previous Round,0,0,269.25,0
,1,405C,3M,Inward 2 1/2 Somersault Tuck,20.5,2.7,55.35,4
,2,107C,3M,Forward 3 1/2 Somersault Tuck,12,2.8,33.6,16
,3,205B,3M,Back 2 1/2 Somersault Pike,22.5,3,67.5,3
,4,305B,3M,Reverse 2 1/2 Somersault Pike,17.5,3,52.5,6
,5,5152B,3M,Forward 2 1/2 Somersault 1 Twist Pike,17.5,3,52.5,9
,Totals,,,,90,14.5,530.7,
,Dive,Number,Height,Description,Net,DD,Score,Round
,,,,,Score,,,Place
,0,,0M,Carry Over from Previous Round,0,0,530.7,0
,1,405C,3M,Inward 2 1/2 Somersault Tuck,16.5,2.7,44.55,8
,2,107C,3M,Forward 3 1/2 Somersault Tuck,21.5,2.8,60.2,3
,3,205B,3M,Back 2 1/2 Somersault Pike,11,3,33,11
,4,305B,3M,Reverse 2 1/2 Somersault Pike,4.5,3,13.5,12
,5,5152B,3M,Forward 2 1/2 Somersault 1 Twist Pike,18,3,54,5
,Totals,,,,71.5,14.5,735.95,
,Dive,Number,Height,Description,Net,DD,Score,Round
,,,,,Score,,,Place
,1,401B,3M,Inward Dive Pike,39,2,46.8,1
,,401B,3M,Inward Dive Pike,,,,
,2,301B,3M,Reverse Dive Pike,39,2,46.8,1
,,301B,3M,Reverse Dive Pike,,,,
,3,205B,3M,Back 2 1/2 Somersault Pike,30,3,54,2
,,205B,3M,Back 2 1/2 Somersault Pike,,,,
,4,107B,3M,Forward 3 1/2 Somersault Pike,27.5,3.1,51.15,3
,,107B,3M,Forward 3 1/2 Somersault Pike,,,,
,5,5152B,3M,Forward 2 1/2 Somersault 1 Twist Pike,37.5,3,67.5,1
,,5152B,3M,Forward 2 1/2 Somersault 1 Twist Pike,,,,
,Totals,,,,173,13.1,266.25,
,Dive,Number,Height,Description,Net,DD,Score,Round
,,,,,Score,,,Place
,1,201B,3M,Back Dive Pike,36,2,43.2,3
,,201B,3M,Back Dive Pike,,,,
,2,301B,3M,Reverse Dive Pike,34,2,40.8,3
,,301B,3M,Reverse Dive Pike,,,,
,3,405C,3M,Inward 2 1/2 Somersault Tuck,37.5,2.7,60.75,1
,,405C,3M,Inward 2 1/2 Somersault Tuck,,,,
,4,107C,3M,Forward 3 1/2 Somersault Tuck,34.5,2.8,57.96,1
,,107C,3M,Forward 3 1/2 Somersault Tuck,,,,
,5,5152B,3M,Forward 2 1/2 Somersault 1 Twist Pike,32,3,57.6,2
,,5152B,3M,Forward 2 1/2 Somersault 1 Twist Pike,,,,
,Totals,,,,174,12.5,260.31,
,Dive,Number,Height,Description,Net,DD,Score,Round
,,,,,Score,,,Place
,0,,0M,Carry Over from Previous Round,0,0,266.25,0
,0M,Carry Over from Previous Round,,,,,,
,1,401B,3M,Inward Dive Pike,39.5,2,47.4,1
,401B,3M,Inward Dive Pike,,,,,
,2,301B,3M,Reverse Dive Pike,36,2,43.2,2
,301B,3M,Reverse Dive Pike,,,,,
,3,205B,3M,Back 2 1/2 Somersault Pike,28.5,3,51.3,3
,205B,3M,Back 2 1/2 Somersault Pike,,,,,
,4,107B,3M,Forward 3 1/2 Somersault Pike,32.5,3.1,60.45,1
,107B,3M,Forward 3 1/2 Somersault Pike,,,,,
,5,5152B,3M,Forward 2 1/2 Somersault 1 Twist Pike,36.5,3,65.7,1
,5152B,3M,Forward 2 1/2 Somersault 1 Twist Pike,,,,,
,Totals,,173,13.1,534.3,,,
,Dive,Number,Height,Description,Net,DD,Score,Round
,,,,,Score,,,Place
,0,,0M,Carry Over from Previous Round,0,0,260.31,0
,,,0M,Carry Over from Previous Round,,,,
,1,201B,3M,Back Dive Pike,37,2,44.4,2
,,201B,3M,Back Dive Pike,,,,
,2,301B,3M,Reverse Dive Pike,34,2,40.8,3
,,301B,3M,Reverse Dive Pike,,,,
,3,405C,3M,Inward 2 1/2 Somersault Tuck,37,2.7,59.94,2
,,405C,3M,Inward 2 1/2 Somersault Tuck,,,,
,4,107C,3M,Forward 3 1/2 Somersault Tuck,28,2.8,47.04,3
,,107C,3M,Forward 3 1/2 Somersault Tuck,,,,
,5,5152B,3M,Forward 2 1/2 Somersault 1 Twist Pike,28,3,50.4,3
,,5152B,3M,Forward 2 1/2 Somersault 1 Twist Pike,,,,
,Totals,,,,164,12.5,502.89,
,Dive,Number,Height,Description,Net,DD,Score,Round
,,,,,Score,,,Place
,1,401B,1M,Inward Dive Pike,23,1.5,34.5,4
,2,201B,1M,Back Dive Pike,23,1.6,36.8,1
,3,301B,1M,Reverse Dive Pike,25.5,1.7,43.35,1
,4,5233D,1M,Back 1 1/2 Somersault 1 1/2 Twist Free,18.5,2.5,46.25,1
,5,103B,1M,Forward 1 1/2 Somersault Pike,22.5,1.7,38.25,3
,6,105B,1M,Forward 2 1/2 Somersault Pike,22,2.6,57.2,1
,7,203B,1M,Back 1 1/2 Somersault Pike,23.5,2.3,54.05,1
,8,303B,1M,Reverse 1 1/2 Somersault Pike,22.5,2.4,54,1
,9,5333D,1M,Reverse 1 1/2 Somersault 1 1/2 Twist Free,20.5,2.6,53.3,1
,10,403B,1M,Inward 1 1/2 Somersault Pike,23.5,2.4,56.4,1
,Totals,,224.5,21.3,474.1,,,
,Dive,Number,Height,Description,Net,DD,Score,Round
,,,,,Score,,,Place
,1,5233D,3M,Back 1 1/2 Somersault 1 1/2 Twist Free,23.5,2.4,56.4,1
,2,403C,3M,Inward 1 1/2 Somersault Tuck,22,1.9,41.8,1
,3,301B,3M,Reverse Dive Pike,22,1.9,41.8,1
,4,201C,3M,Back Dive Tuck,24,1.7,40.8,1
,5,103B,3M,Forward 1 1/2 Somersault Pike,24.5,1.6,39.2,2
,6,107C,3M,Forward 3 1/2 Somersault Tuck,21,2.8,58.8,1
,7,205B,3M,Back 2 1/2 Somersault Pike,21,3,63,1
,8,305B,3M,Reverse 2 1/2 Somersault Pike,23,3,69,1
,9,405C,3M,Inward 2 1/2 Somersault Tuck,21.5,2.7,58.05,1
,10,5152B,3M,Forward 2 1/2 Somersault 1 Twist Pike,22.5,3,67.5,1
,Totals,,,,225,24,536.35,
,Dive,Number,Height,Description,Net,DD,Score,Round
,,,,,Score,,,Place
,1,401B,1M,Inward Dive Pike,23.5,1.5,35.25,7
,2,201B,1M,Back Dive Pike,21,1.6,33.6,10
,3,301B,1M,Reverse Dive Pike,18,1.7,30.6,24
,4,5233D,1M,Back 1 1/2 Somersault 1 1/2 Twist Free,20.5,2.5,51.25,1
,5,103B,1M,Forward 1 1/2 Somersault Pike,21,1.7,35.7,29
,6,105B,1M,Forward 2 1/2 Somersault Pike,18,2.6,46.8,15
,7,203B,1M,Back 1 1/2 Somersault Pike,21,2.3,48.3,4
,8,303B,1M,Reverse 1 1/2 Somersault Pike,19,2.4,45.6,10
,9,5333D,1M,Reverse 1 1/2 Somersault 1 1/2 Twist Free,7,2.6,18.2,35
,10,403B,1M,Inward 1 1/2 Somersault Pike,21,2.4,50.4,5
,Totals,,,,190,21.3,395.7,
,Dive,Number,Height,Description,Net,DD,Score,Round
,,,,,Score,,,Place
,0,,0M,Carry Over from Previous Round,0,0,186.4,0
,6,105B,1M,Forward 2 1/2 Somersault Pike,19.5,2.6,50.7,5
,7,203B,1M,Back 1 1/2 Somersault Pike,21.5,2.3,49.45,4
,8,303B,1M,Reverse 1 1/2 Somersault Pike,19.5,2.4,46.8,9
,9,5333D,1M,Reverse 1 1/2 Somersault 1 1/2 Twist Free,19.5,2.6,50.7,5
,10,403B,1M,Inward 1 1/2 Somersault Pike,21.5,2.4,51.6,7
,Totals,,,,101.5,12.3,435.65,
,Dive,Number,Height,Description,Net,DD,Score,Round
,,,,,Score,,,Place
,1,5233D,3M,Back 1 1/2 Somersault 1 1/2 Twist Free,19.5,2.4,46.8,1
,2,403C,3M,Inward 1 1/2 Somersault Tuck,21,1.9,39.9,7
,3,301B,3M,Reverse Dive Pike,18,1.9,34.2,19
,4,201C,3M,Back Dive Tuck,21.5,1.7,36.55,27
,5,103B,3M,Forward 1 1/2 Somersault Pike,19.5,1.6,31.2,34
,6,107C,3M,Forward 3 1/2 Somersault Tuck,19,2.8,53.2,5
,7,405C,3M,Inward 2 1/2 Somersault Tuck,19.5,2.7,52.65,9
,8,205B,3M,Back 2 1/2 Somersault Pike,13.5,3,40.5,21
,9,305B,3M,Reverse 2 1/2 Somersault Pike,16,3,48,12
,10,5152B,3M,Forward 2 1/2 Somersault 1 Twist Pike,14,3,42,21
,Totals,,,,181.5,24,425,
,Dive,Number,Height,Description,Net,DD,Score,Round
,,,,,Score,,,Place
,0,,0M,Carry Over from Previous Round,0,0,188.65,0
,6,107C,3M,Forward 3 1/2 Somersault Tuck,22.5,2.8,63,1
,7,405C,3M,Inward 2 1/2 Somersault Tuck,20,2.7,54,3
,8,205B,3M,Back 2 1/2 Somersault Pike,15.5,3,46.5,6
,9,305B,3M,Reverse 2 1/2 Somersault Pike,11,3,33,11
,10,5152B,3M,Forward 2 1/2 Somersault 1 Twist Pike,16,3,48,10
,Totals,,,,85,14.5,433.15,
,Dive,Number,Height,Description,Net,DD,Score,Round
,,,,,Score,,,Place
,1,107C,3M,Forward 3 1/2 Somersault Tuck,Dive Changed,2.8,,
,,405C,3M,Inward 2 1/2 Somersault Tuck,15,2.7,40.5,27
,2,405C,3M,Inward 2 1/2 Somersault Tuck,Dive Changed,2.7,,
,,107C,3M,Forward 3 1/2 Somersault Tuck,18,2.8,50.4,15
,3,205B,3M,Back 2 1/2 Somersault Pike,19.5,3,58.5,3
,4,305B,3M,Reverse 2 1/2 Somersault Pike,20,3,60,1
,5,5152B,3M,Forward 2 1/2 Somersault 1 Twist Pike,15.5,3,46.5,23
,Totals,,,,88,14.5,255.9,
,Dive,Number,Height,Description,Net,DD,Score,Round
,,,,,Score,,,Place
,1,405C,3M,Inward 2 1/2 Somersault Tuck,15.5,2.7,41.85,16
,2,107C,3M,Forward 3 1/2 Somersault Tuck,21,2.8,58.8,1
,3,205B,3M,Back 2 1/2 Somersault Pike,17,3,51,5
,4,305B,3M,Reverse 2 1/2 Somersault Pike,21,3,63,1
,5,5152B,3M,Forward 2 1/2 Somersault 1 Twist Pike,18,3,54,7
,Totals,,,,92.5,14.5,268.65,
,Dive,Number,Height,Description,Net,DD,Score,Round
,,,,,Score,,,Place
,1,405C,3M,Inward 2 1/2 Somersault Tuck,19,2.7,51.3,7
,2,107C,3M,Forward 3 1/2 Somersault Tuck,18,2.8,50.4,10
,3,205B,3M,Back 2 1/2 Somersault Pike,21,3,63,2
,4,305B,3M,Reverse 2 1/2 Somersault Pike,11,3,33,14
,5,5152B,3M,Forward 2 1/2 Somersault 1 Twist Pike,19.5,3,58.5,5
,Totals,,,,88.5,14.5,256.2,
,Dive,Number,Height,Description,Net,DD,Score,Round
,,,,,Score,,,Place
,1,405C,3M,Inward 2 1/2 Somersault Tuck,20.5,2.7,55.35,6
,2,107B,3M,Forward 3 1/2 Somersault Pike,11.5,3.1,35.65,26
,3,205B,3M,Back 2 1/2 Somersault Pike,17.5,3,52.5,9
,4,305B,3M,Reverse 2 1/2 Somersault Pike,7.5,3,22.5,26
,5,5152B,3M,Forward 2 1/2 Somersault 1 Twist Pike,18,3,54,8
,Totals,,,,75,14.8,220,
,Dive,Number,Height,Description,Net,DD,Score,Round
,,,,,Score,,,Place
,0,,0M,Carry Over from Previous Round,0,0,220,0
,1,405C,3M,Inward 2 1/2 Somersault Tuck,18.5,2.7,49.95,14
,2,107B,3M,Forward 3 1/2 Somersault Pike,15,3.1,46.5,16
,3,205B,3M,Back 2 1/2 Somersault Pike,16.5,3,49.5,10
,4,305B,3M,Reverse 2 1/2 Somersault Pike,18,3,54,9
,5,5152B,3M,Forward 2 1/2 Somersault 1 Twist Pike,19,3,57,8
,Totals,,,,87,14.8,476.95,
,Dive,Number,Height,Description,Net,DD,Score,Round
,,,,,Score,,,Place
,1,105B,1M,Forward 2 1/2 Somersault Pike,16,2.6,41.6,14
,2,203B,1M,Back 1 1/2 Somersault Pike,24,2.3,55.2,1
,3,303B,1M,Reverse 1 1/2 Somersault Pike,22,2.4,52.8,3
,4,403B,1M,Inward 1 1/2 Somersault Pike,19.5,2.4,46.8,4
,5,5333D,1M,Reverse 1 1/2 Somersault 1 1/2 Twist Free,20.5,2.6,53.3,2
,6,401B,1M,Inward Dive Pike,22,1.5,33,14
,7,201B,1M,Back Dive Pike,20.5,1.6,32.8,11
,8,301B,1M,Reverse Dive Pike,22,1.7,37.4,4
,9,5233D,1M,Back 1 1/2 Somersault 1 1/2 Twist Free,20.5,2.5,51.25,1
,10,103B,1M,Forward 1 1/2 Somersault Pike,22.5,1.7,38.25,10
,Totals,,,,209.5,21.3,442.4,
,Dive,Number,Height,Description,Net,DD,Score,Round
,,,,,Score,,,Place
,1,107C,3M,Forward 3 1/2 Somersault Tuck,15,2.8,42,9
,2,205B,3M,Back 2 1/2 Somersault Pike,16,3,48,5
,3,305B,3M,Reverse 2 1/2 Somersault Pike,18.5,3,55.5,3
,4,405C,3M,Inward 2 1/2 Somersault Tuck,16.5,2.7,44.55,10
,5,5152B,3M,Forward 2 1/2 Somersault 1 Twist Pike,13.5,3,40.5,15
,6,5233D,3M,Back 1 1/2 Somersault 1 1/2 Twist Free,20.5,2.4,49.2,1
,7,403C,3M,Inward 1 1/2 Somersault Tuck,24,1.9,45.6,1
,8,301B,3M,Reverse Dive Pike,18.5,1.9,35.15,9
,9,201C,3M,Back Dive Tuck,23.5,1.7,39.95,7
,10,103B,3M,Forward 1 1/2 Somersault Pike,22.5,1.6,36,17
,Totals,,188.5,24,436.45,,,
,Dive,Number,Height,Description,Net,DD,Score,Round
,,,,,Score,,,Place
,1,401B,3M,Inward Dive Pike,39,2,46.8,1
,,401B,3M,Inward Dive Pike,,,,
,2,201B,3M,Back Dive Pike,37.5,2,45,1
,,201B,3M,Back Dive Pike,,,,
,3,301B,3M,Reverse Dive Pike,33,2,39.6,12
,,301B,3M,Reverse Dive Pike,,,,
,4,405C,3M,Inward 2 1/2 Somersault Tuck,36.5,2.7,59.13,2
,,405C,3M,Inward 2 1/2 Somersault Tuck,,,,
,5,107C,3M,Forward 3 1/2 Somersault Tuck,34.5,2.8,57.96,3
,,107C,3M,Forward 3 1/2 Somersault Tuck,,,,
,6,5152B,3M,Forward 2 1/2 Somersault 1 Twist Pike,38,3,68.4,1
,,5152B,3M,Forward 2 1/2 Somersault 1 Twist Pike,,,,
,Totals,,,,218.5,14.5,316.89,
,Dive,Number,Height,Description,Net,DD,Score,Round
,,,,,Score,,,Place
,0,,0M,Carry Over from Previous Round,0,0,316.89,0
,,,0M,Carry Over from Previous Round,,,,
,1,401B,3M,Inward Dive Pike,35.5,2,42.6,6
,,401B,3M,Inward Dive Pike,,,,
,2,201B,3M,Back Dive Pike,38.5,2,46.2,1
,,201B,3M,Back Dive Pike,,,,
,3,301B,3M,Reverse Dive Pike,37,2,44.4,3
,,301B,3M,Reverse Dive Pike,,,,
,4,405C,3M,Inward 2 1/2 Somersault Tuck,36.5,2.7,59.13,1
,,405C,3M,Inward 2 1/2 Somersault Tuck,,,,
,5,107C,3M,Forward 3 1/2 Somersault Tuck,40,2.8,67.2,1
,,107C,3M,Forward 3 1/2 Somersault Tuck,,,,
,6,5152B,3M,Forward 2 1/2 Somersault 1 Twist Pike,35.5,3,63.9,1
,,5152B,3M,Forward 2 1/2 Somersault 1 Twist Pike,,,,
,Totals,,,,223,14.5,640.32,
,Dive,Number,Height,Description,Net,DD,Score,Round
,,,,,Score,,,Place
,1,401B,3M,Inward Dive Pike,39,2,46.8,2
,401B,3M,Inward Dive Pike,,,,,
,2,301B,3M,Reverse Dive Pike,21,2,25.2,23
,301B,3M,Reverse Dive Pike,,,,,
,3,205B,3M,Back 2 1/2 Somersault Pike,25,3,45,10
,205B,3M,Back 2 1/2 Somersault Pike,,,,,
,4,107B,3M,Forward 3 1/2 Somersault Pike,30.5,3.1,56.73,2
,107B,3M,Forward 3 1/2 Somersault Pike,,,,,
,5,5152B,3M,Forward 2 1/2 Somersault 1 Twist Pike,32.5,3,58.5,1
,5152B,3M,Forward 2 1/2 Somersault 1 Twist Pike,,,,,
,Totals,,148,13.1,232.23,,,
,Dive,Number,Height,Description,Net,DD,Score,Round
,,,,,Score,,,Place
,0,,0M,Carry Over from Previous Round,0,0,232.23,0
,0M,Carry Over from Previous Round,,,,,,
,1,401B,3M,Inward Dive Pike,39,2,46.8,3
,401B,3M,Inward Dive Pike,,,,,
,2,301B,3M,Reverse Dive Pike,34,2,40.8,8
,301B,3M,Reverse Dive Pike,,,,,
,3,205B,3M,Back 2 1/2 Somersault Pike,21,3,37.8,8
,205B,3M,Back 2 1/2 Somersault Pike,,,,,
,4,107B,3M,Forward 3 1/2 Somersault Pike,28.5,3.1,53.01,6
,107B,3M,Forward 3 1/2 Somersault Pike,,,,,
,5,5152B,3M,Forward 2 1/2 Somersault 1 Twist Pike,35,3,63,2
,5152B,3M,Forward 2 1/2 Somersault 1 Twist Pike,,,,,
,Totals,,157.5,13.1,473.64,,,
,Dive,Number,Height,Description,Net,DD,Score,Round
,,,,,Score,,,Place
,1,401B,3M,Inward Dive Pike,38,2,45.6,1
,,401B,3M,Inward Dive Pike,,,,
,2,201B,3M,Back Dive Pike,41,2,49.2,1
,,201B,3M,Back Dive Pike,,,,
,3,301B,3M,Reverse Dive Pike,37.5,2,45,1
,,301B,3M,Reverse Dive Pike,,,,
,4,405C,3M,Inward 2 1/2 Somersault Tuck,34,2.7,55.08,1
,,405C,3M,Inward 2 1/2 Somersault Tuck,,,,
,5,107C,3M,Forward 3 1/2 Somersault Tuck,27.5,2.8,46.2,1
,,107C,3M,Forward 3 1/2 Somersault Tuck,,,,
,6,5152B,3M,Forward 2 1/2 Somersault 1 Twist Pike,31.5,3,56.7,1
,,5152B,3M,Forward 2 1/2 Somersault 1 Twist Pike,,,,
,Totals,,,,209.5,14.5,297.78,
